query_id,query,intent,intent_prob_informational,intent_prob_comparison,intent_prob_transactional,intent_prob_navigational,intent_confidence,mentions_own_brand,mentions_own_product,mentions_competitor_brand,mentions_competitor_product,out_of_category,mentions_competitor,own_product_only,latency_ms,model,input_tokens,output_tokens
Q0001,NIKON canon 違い,comparison,0.0,1.0,0.0,0.0,1.0,0.97,0.04,0.88,0.12,0.04,0.88,0.0012,513.0,jev-1.13.0,1071,150
Q0002,Z fc 設定方法 まとめ,informational,1.0,0.0,0.0,0.0,1.0,0.07,0.95,0.02,0.02,0.04,0.02,0.8835,557.6,jev-1.13.0,1075,153
Q0003,Nikon カスタマーサポート,navigational,0.0,0.0,0.0,1.0,1.0,0.97,0.03,0.03,0.02,0.05,0.03,0.0009,484.7,jev-1.13.0,1075,153
Q0004,Zf 価格 楽天,transactional,0.0,0.0,1.0,0.0,1.0,0.09,0.95,0.03,0.03,0.04,0.03,0.8645,525.1,jev-1.13.0,1072,152
Q0005,24-120mm f4 S 評判 まとめ,informational,0.99,0.01,0.0,0.0,0.99,0.12,0.81,0.03,0.03,0.04,0.03,0.7128,553.6,jev-1.13.0,1081,153
Q0006,ニコン 50mm f1.8 S 設定方法,informational,1.0,0.0,0.0,0.0,1.0,0.98,0.94,0.02,0.02,0.03,0.02,0.0188,525.5,jev-1.13.0,1081,153
Q0007,NIKKOR Z 180-600mm 作例 まとめ,informational,1.0,0.0,0.0,0.0,1.0,0.15,0.93,0.04,0.03,0.04,0.04,0.7905,505.3,jev-1.13.0,1084,153
Q0008,Zf とは,informational,1.0,0.0,0.0,0.0,1.0,0.1,0.94,0.03,0.03,0.04,0.03,0.846,510.4,jev-1.13.0,1068,153
Q0009,z8 通販 店舗,transactional,0.0,0.0,1.0,0.0,0.99,0.07,0.92,0.03,0.03,0.04,0.03,0.8556,326.8,jev-1.13.0,1072,152
Q0010,RF24-105 F4 L スペック,informational,0.98,0.02,0.0,0.0,0.97,0.03,0.09,0.07,0.8,0.08,0.8,0.0873,307.7,jev-1.13.0,1078,153
Q0011,z50ii 初心者,informational,0.96,0.03,0.01,0.0,0.93,0.08,0.88,0.03,0.03,0.04,0.03,0.8096,313.8,jev-1.13.0,1072,153
Q0012,eos r50 スペック 初心者向け,informational,0.98,0.02,0.0,0.0,0.97,0.03,0.04,0.14,0.91,0.06,0.91,0.0388,300.9,jev-1.13.0,1080,153
Q0013,ニコンZf 購入 楽天,transactional,0.0,0.0,1.0,0.0,1.0,0.98,0.97,0.03,0.02,0.03,0.03,0.0194,316.1,jev-1.13.0,1076,152
Q0014,Nikon カメラ 評判,informational,0.95,0.05,0.0,0.0,0.93,0.97,0.05,0.04,0.02,0.04,0.04,0.0015,286.3,jev-1.13.0,1073,153
Q0015,SONY プリンター,transactional,0.32,0.02,0.61,0.05,0.48,0.02,0.02,0.92,0.27,0.95,0.92,0.0196,256.1,jev-1.13.0,1071,152
Q0016,Nikon Canon どっちがいい,comparison,0.0,1.0,0.0,0.0,1.0,0.88,0.04,0.83,0.09,0.03,0.83,0.0048,255.4,jev-1.13.0,1073,150
Q0017,r6 mark2 価格 店舗,transactional,0.0,0.0,1.0,0.0,1.0,0.03,0.06,0.13,0.87,0.07,0.87,0.0582,216.3,jev-1.13.0,1074,152
Q0018,zfc 在庫 予約,transactional,0.0,0.0,1.0,0.0,1.0,0.09,0.92,0.02,0.03,0.04,0.03,0.8372,324.1,jev-1.13.0,1072,152
Q0019,Canon eos r8 最安値 予約,transactional,0.0,0.0,1.0,0.0,1.0,0.02,0.04,0.84,0.94,0.04,0.94,0.0392,239.1,jev-1.13.0,1074,152
Q0020,nikon Z50 2 セール 使い方,informational,0.74,0.0,0.26,0.0,0.65,0.35,0.94,0.03,0.02,0.04,0.03,0.611,218.5,jev-1.13.0,1078,153
Q0021,sony α7CII 違い NIKON Z9,comparison,0.0,1.0,0.0,0.0,1.0,0.88,0.91,0.85,0.96,0.03,0.96,0.1092,232.3,jev-1.13.0,1077,150
Q0022,NIKON z30 性能比較 どこで 在庫,transactional,0.0,0.22,0.78,0.0,0.7,0.95,0.93,0.05,0.03,0.03,0.05,0.0465,327.8,jev-1.13.0,1083,152
Q0023,Sony カスタマーサポート,navigational,0.0,0.0,0.0,1.0,1.0,0.02,0.02,0.95,0.05,0.09,0.95,0.0196,286.5,jev-1.13.0,1074,153
Q0024,Nikon ニコンZ9 通販 amazon,transactional,0.0,0.0,1.0,0.0,1.0,0.98,0.96,0.05,0.03,0.03,0.05,0.0192,253.0,jev-1.13.0,1075,152
Q0025,CANON カスタマーサポート,navigational,0.0,0.0,0.0,1.0,1.0,0.02,0.02,0.89,0.03,0.1,0.89,0.0196,287.5,jev-1.13.0,1075,153
Q0026,sony a1 II キャンペーン,informational,0.79,0.03,0.1,0.08,0.73,0.02,0.06,0.91,0.94,0.06,0.94,0.0588,269.2,jev-1.13.0,1074,153
Q0027,nikon Z 24-120mm f4 セール 予約,transactional,0.0,0.0,1.0,0.0,1.0,0.32,0.93,0.03,0.02,0.03,0.03,0.6324,269.8,jev-1.13.0,1083,152
Q0028,Nikon z30 違い sony FE 200-600mm G,comparison,0.0,1.0,0.0,0.0,1.0,0.91,0.92,0.46,0.88,0.05,0.88,0.0828,213.1,jev-1.13.0,1084,150
Q0029,NIKON カメラ レビュー,informational,0.98,0.02,0.0,0.0,0.97,0.98,0.04,0.04,0.03,0.04,0.04,0.0008,287.7,jev-1.13.0,1075,153
Q0030,Canon カメラ 設定方法,informational,1.0,0.0,0.0,0.0,1.0,0.02,0.04,0.9,0.14,0.05,0.9,0.0392,244.4,jev-1.13.0,1074,153
Q0031,R6II 画質 どっちがいい,comparison,0.0,1.0,0.0,0.0,1.0,0.04,0.06,0.1,0.7,0.06,0.7,0.0576,221.6,jev-1.13.0,1076,150
Q0032,RF 50mm f1.8 作例 初心者向け,informational,1.0,0.0,0.0,0.0,0.99,0.03,0.06,0.09,0.83,0.12,0.83,0.0582,276.7,jev-1.13.0,1082,153
Q0033,NIKKOR Z 40mm f/2 口コミ まとめ,informational,0.99,0.01,0.0,0.0,0.98,0.14,0.95,0.04,0.02,0.03,0.04,0.817,320.7,jev-1.13.0,1083,153
Q0034,canon eos r8 特徴,informational,0.99,0.01,0.0,0.0,0.99,0.02,0.08,0.88,0.93,0.04,0.93,0.0784,286.8,jev-1.13.0,1070,153
Q0035,Z50 2 公式ストア,navigational,0.0,0.0,0.05,0.95,0.94,0.09,0.95,0.03,0.03,0.04,0.03,0.8645,274.0,jev-1.13.0,1074,153
Q0036,アルファ FE 200-600 G と canon RF 100-500mm どっちがいい,comparison,0.0,1.0,0.0,0.0,1.0,0.04,0.09,0.63,0.94,0.03,0.94,0.0864,273.6,jev-1.13.0,1096,150
Q0037,CANON キヤノンR1 在庫 予約,transactional,0.0,0.0,1.0,0.0,1.0,0.02,0.06,0.93,0.87,0.06,0.93,0.0588,285.7,jev-1.13.0,1079,152
Q0038,Nikon z50ii 中古 予約,transactional,0.0,0.0,1.0,0.0,1.0,0.41,0.88,0.03,0.03,0.04,0.03,0.5192,231.2,jev-1.13.0,1075,152
Q0039,SONY 50mm f1.8 FE 特徴,informational,1.0,0.0,0.0,0.0,1.0,0.02,0.05,0.93,0.92,0.04,0.93,0.049,222.0,jev-1.13.0,1077,153
Q0040,Canon RF 100-500mm 違い NIKON Zf,comparison,0.0,1.0,0.0,0.0,1.0,0.43,0.92,0.83,0.95,0.04,0.95,0.5244,218.4,jev-1.13.0,1083,150
Q0041,ソニー α1マーク2 評判,informational,0.98,0.02,0.0,0.0,0.97,0.02,0.03,0.96,0.95,0.05,0.96,0.0294,264.8,jev-1.13.0,1076,153
Q0042,Sony カメラ レビュー,informational,0.95,0.05,0.0,0.0,0.93,0.02,0.02,0.94,0.09,0.05,0.94,0.0196,291.8,jev-1.13.0,1073,153
Q0043,NIKKOR Z 40mm F2 値段,transactional,0.0,0.0,1.0,0.0,1.0,0.17,0.95,0.03,0.02,0.03,0.03,0.7885,426.5,jev-1.13.0,1078,152
Q0044,NIKKOR Z 24-120mm f/4 S 通販 予約,transactional,0.0,0.0,1.0,0.0,1.0,0.12,0.95,0.03,0.02,0.03,0.03,0.836,291.8,jev-1.13.0,1086,152
Q0045,z30 通販,transactional,0.0,0.0,1.0,0.0,1.0,0.06,0.91,0.03,0.03,0.04,0.03,0.8554,197.9,jev-1.13.0,1069,152
Q0046,24-105mm f4 L 口コミ 初心者向け,informational,0.87,0.12,0.01,0.0,0.83,0.03,0.09,0.05,0.54,0.06,0.54,0.0873,294.1,jev-1.13.0,1084,153
Q0047,Z 40mm f2 レビュー 初心者向け,informational,1.0,0.0,0.0,0.0,1.0,0.08,0.94,0.02,0.02,0.04,0.02,0.8648,293.1,jev-1.13.0,1082,153
Q0048,Z 50mm f1.8 使い方 初心者向け,informational,1.0,0.0,0.0,0.0,1.0,0.1,0.86,0.03,0.02,0.03,0.03,0.774,195.5,jev-1.13.0,1083,153
Q0049,NIKKOR Z 50mm F1.8 在庫 店舗,transactional,0.0,0.0,1.0,0.0,1.0,0.13,0.95,0.03,0.02,0.03,0.03,0.8265,273.7,jev-1.13.0,1084,152
Q0050,Canon eos r10 特徴,informational,0.99,0.01,0.0,0.0,0.99,0.02,0.05,0.84,0.93,0.04,0.93,0.049,221.2,jev-1.13.0,1071,153
Q0051,nikon z6iii 初心者 性能比較,comparison,0.02,0.98,0.0,0.0,0.97,0.37,0.91,0.05,0.03,0.04,0.05,0.5733,304.7,jev-1.13.0,1079,150
Q0052,FE 50mm F1.8 sony nikon 性能比較,comparison,0.0,1.0,0.0,0.0,1.0,0.96,0.07,0.9,0.9,0.04,0.9,0.0028,222.6,jev-1.13.0,1081,150
Q0053,NIKKOR Z 40mm f/2 セール 店舗,transactional,0.0,0.0,1.0,0.0,1.0,0.16,0.95,0.03,0.02,0.03,0.03,0.798,261.9,jev-1.13.0,1083,152
Q0054,z9 修理 ダウンロード,navigational,0.35,0.0,0.14,0.51,0.35,0.11,0.94,0.02,0.03,0.05,0.03,0.8366,254.8,jev-1.13.0,1075,153
Q0055,canon RF 50mm f1.8 在庫,transactional,0.0,0.0,1.0,0.0,1.0,0.02,0.04,0.89,0.94,0.04,0.94,0.0392,280.2,jev-1.13.0,1077,152
Q0056,nikon Z f 中古 amazon,transactional,0.0,0.0,1.0,0.0,1.0,0.64,0.95,0.04,0.02,0.03,0.04,0.342,202.8,jev-1.13.0,1071,152
Q0057,200-600mm G望遠 価格 店舗,transactional,0.0,0.0,1.0,0.0,1.0,0.12,0.55,0.03,0.03,0.03,0.03,0.484,197.1,jev-1.13.0,1081,152
Q0058,NIKON NIKKOR Z 50mm F1.8 登録,navigational,0.27,0.0,0.29,0.44,0.25,0.92,0.95,0.04,0.02,0.05,0.04,0.076,189.8,jev-1.13.0,1083,153
Q0059,Nikon Zfc 値段 amazon,transactional,0.0,0.0,1.0,0.0,1.0,0.94,0.95,0.04,0.02,0.03,0.04,0.057,239.3,jev-1.13.0,1072,152
Q0060,nikon z9 在庫 vs,transactional,0.0,0.26,0.74,0.0,0.64,0.32,0.96,0.08,0.05,0.05,0.08,0.6528,226.5,jev-1.13.0,1072,152
Q0061,Z50II 評判 初心者向け,informational,0.97,0.03,0.0,0.0,0.95,0.07,0.93,0.03,0.02,0.04,0.03,0.8649,198.4,jev-1.13.0,1078,153
Q0062,プリンター 最安値,transactional,0.0,0.0,1.0,0.0,1.0,0.03,0.02,0.02,0.02,0.96,0.02,0.0194,227.1,jev-1.13.0,1072,152
Q0063,Z6 3 評判 初心者向け,informational,0.96,0.04,0.0,0.0,0.95,0.07,0.93,0.03,0.03,0.04,0.03,0.8649,307.9,jev-1.13.0,1078,153
Q0064,ニコン NIKKOR Z 50mm F1.8 中古,transactional,0.0,0.0,1.0,0.0,1.0,0.96,0.97,0.03,0.03,0.03,0.03,0.0388,243.4,jev-1.13.0,1082,152
Q0065,R5II CANON SONY vs,comparison,0.0,1.0,0.0,0.0,1.0,0.05,0.05,0.9,0.81,0.06,0.9,0.0475,212.0,jev-1.13.0,1071,150
Q0066,Z8 スペック,informational,1.0,0.0,0.0,0.0,1.0,0.05,0.95,0.02,0.03,0.04,0.03,0.9025,185.5,jev-1.13.0,1070,153
Q0067,Z6 mark3 セール 会員登録,transactional,0.0,0.0,0.94,0.06,0.91,0.12,0.94,0.03,0.02,0.04,0.03,0.8272,211.7,jev-1.13.0,1076,152
Q0068,複合機 比較,comparison,0.01,0.99,0.0,0.0,0.99,0.04,0.02,0.03,0.02,0.91,0.03,0.0192,206.8,jev-1.13.0,1071,150
Q0069,FE 200-600 G 値段 楽天,transactional,0.0,0.0,1.0,0.0,1.0,0.03,0.12,0.11,0.56,0.05,0.56,0.1164,210.6,jev-1.13.0,1081,152
Q0070,SONY ニコン 24-70 GMII 会員登録,navigational,0.03,0.13,0.1,0.74,0.65,0.96,0.71,0.96,0.9,0.08,0.96,0.0284,236.8,jev-1.13.0,1082,153
Q0071,NIKON Z9 最安値,transactional,0.0,0.0,1.0,0.0,1.0,0.93,0.96,0.04,0.02,0.03,0.04,0.0672,229.0,jev-1.13.0,1072,152
Q0072,nikon NIKKOR 180-600 設定方法 どこで キャンペーン,informational,0.98,0.0,0.01,0.01,0.96,0.58,0.89,0.04,0.02,0.05,0.04,0.3738,208.6,jev-1.13.0,1094,153
Q0073,Z50 II 口コミ 初心者向け,informational,0.94,0.06,0.0,0.0,0.92,0.08,0.92,0.03,0.03,0.03,0.03,0.8464,264.2,jev-1.13.0,1078,153
Q0074,株価 とは,informational,0.97,0.0,0.03,0.0,0.96,0.08,0.02,0.03,0.02,0.95,0.03,0.0184,240.7,jev-1.13.0,1068,153
Q0075,アルファ a9iii 価格 予約,transactional,0.0,0.0,1.0,0.0,1.0,0.03,0.04,0.18,0.89,0.06,0.89,0.0388,284.4,jev-1.13.0,1076,152
Q0076,Z 24-120mm f4 作例 初心者向け,informational,1.0,0.0,0.0,0.0,1.0,0.07,0.95,0.02,0.03,0.03,0.03,0.8835,262.3,jev-1.13.0,1084,153
Q0077,nikon Z6III 使い方,informational,1.0,0.0,0.0,0.0,1.0,0.41,0.93,0.03,0.02,0.03,0.03,0.5487,218.7,jev-1.13.0,1072,153
Q0078,24-70 GMII SONY CANON どちらを選ぶべき,comparison,0.0,1.0,0.0,0.0,1.0,0.03,0.05,0.95,0.83,0.04,0.95,0.0485,225.6,jev-1.13.0,1083,150
Q0079,Canon ログイン,navigational,0.0,0.0,0.0,1.0,1.0,0.02,0.02,0.85,0.06,0.24,0.85,0.0196,209.1,jev-1.13.0,1069,153
Q0080,Canon Nikon どちらを選ぶべき,comparison,0.0,1.0,0.0,0.0,1.0,0.92,0.04,0.9,0.09,0.03,0.9,0.0032,261.0,jev-1.13.0,1074,150
Q0081,SONY α7 IV 通販 予約,transactional,0.0,0.0,1.0,0.0,1.0,0.02,0.04,0.94,0.95,0.03,0.95,0.0392,298.6,jev-1.13.0,1074,152
Q0082,nikon ニコンZ8 在庫 amazon,transactional,0.0,0.0,1.0,0.0,1.0,0.97,0.96,0.05,0.02,0.03,0.05,0.0288,222.4,jev-1.13.0,1076,152
Q0083,Z 180-600mm 取扱説明書 ダウンロード,informational,0.6,0.0,0.11,0.29,0.46,0.12,0.96,0.02,0.02,0.03,0.02,0.8448,192.2,jev-1.13.0,1086,153
Q0084,Z 50mm f1.8 設定方法 まとめ,informational,1.0,0.0,0.0,0.0,1.0,0.1,0.82,0.02,0.02,0.03,0.02,0.738,282.2,jev-1.13.0,1082,153
Q0085,ソニー α7CII 登録,navigational,0.2,0.01,0.34,0.45,0.26,0.03,0.04,0.96,0.96,0.05,0.96,0.0388,258.2,jev-1.13.0,1074,153
Q0086,z30 問い合わせ,informational,0.56,0.0,0.06,0.38,0.4,0.05,0.92,0.02,0.03,0.05,0.03,0.874,248.7,jev-1.13.0,1073,153
Q0087,ニコンZ8 Nikon キヤノン vs,comparison,0.0,1.0,0.0,0.0,1.0,0.97,0.97,0.96,0.16,0.04,0.96,0.0291,224.9,jev-1.13.0,1075,150
Q0088,nikon 問い合わせ,navigational,0.01,0.0,0.0,0.99,0.99,0.68,0.03,0.03,0.02,0.16,0.03,0.0096,305.5,jev-1.13.0,1072,153
Q0089,NIKON カメラ 設定方法,informational,1.0,0.0,0.0,0.0,1.0,0.98,0.04,0.03,0.02,0.04,0.03,0.0008,265.0,jev-1.13.0,1076,153
Q0090,Z6 mark3 中古 楽天,transactional,0.0,0.0,1.0,0.0,1.0,0.11,0.93,0.03,0.03,0.03,0.03,0.8277,226.5,jev-1.13.0,1074,152
Q0091,RF24-105mm F4 L IS USM スペック 初心者向け,informational,0.99,0.01,0.0,0.0,0.98,0.03,0.07,0.07,0.6,0.09,0.6,0.0679,285.6,jev-1.13.0,1089,153
Q0092,α アルファ7Rマーク5 通販,transactional,0.0,0.0,1.0,0.0,1.0,0.03,0.05,0.18,0.89,0.05,0.89,0.0485,268.4,jev-1.13.0,1078,152
Q0093,ニコン NIKKOR Z 40mm f/2 最安値 amazon,transactional,0.0,0.0,1.0,0.0,1.0,0.97,0.95,0.03,0.02,0.03,0.03,0.0285,255.6,jev-1.13.0,1083,152
Q0094,Z50 2 通販 店舗,transactional,0.0,0.0,1.0,0.0,1.0,0.06,0.92,0.03,0.03,0.04,0.03,0.8648,254.4,jev-1.13.0,1075,152
Q0095,z30 作例,informational,1.0,0.0,0.0,0.0,0.99,0.05,0.93,0.03,0.03,0.04,0.03,0.8835,279.5,jev-1.13.0,1069,153
Q0096,Z 9 下取り 予約,transactional,0.0,0.0,0.97,0.03,0.96,0.09,0.95,0.03,0.03,0.04,0.03,0.8645,228.1,jev-1.13.0,1073,152
Q0097,炊飯器 おすすめ,comparison,0.01,0.99,0.0,0.0,0.99,0.03,0.02,0.02,0.02,0.97,0.02,0.0194,264.7,jev-1.13.0,1072,150
Q0098,NIKON NIKKOR Z 50mm F1.8 購入 amazon,transactional,0.0,0.0,1.0,0.0,1.0,0.96,0.95,0.05,0.02,0.02,0.05,0.038,292.6,jev-1.13.0,1084,152
Q0099,イヤホン 最安値,transactional,0.0,0.0,1.0,0.0,1.0,0.04,0.02,0.02,0.02,0.97,0.02,0.0192,198.6,jev-1.13.0,1071,152
Q0100,Z5II スペック まとめ,informational,1.0,0.0,0.0,0.0,1.0,0.06,0.93,0.03,0.02,0.04,0.03,0.8742,205.6,jev-1.13.0,1075,153
Q0101,Z5 II 在庫 楽天,transactional,0.0,0.0,1.0,0.0,1.0,0.08,0.87,0.02,0.02,0.04,0.02,0.8004,221.0,jev-1.13.0,1074,152
Q0102,Z fc 中古 店舗,transactional,0.0,0.0,0.99,0.01,0.99,0.1,0.92,0.03,0.02,0.04,0.03,0.828,230.3,jev-1.13.0,1072,152
Q0103,nikon zf 在庫 amazon,transactional,0.0,0.0,1.0,0.0,1.0,0.49,0.92,0.04,0.03,0.04,0.04,0.4692,225.8,jev-1.13.0,1072,152
Q0104,NIKKOR Z 24-120 F4 S 画質 初心者向け,informational,0.99,0.01,0.0,0.0,0.98,0.1,0.96,0.05,0.03,0.03,0.05,0.864,285.7,jev-1.13.0,1088,153
Q0105,SONY α7R V 登録,navigational,0.2,0.01,0.28,0.51,0.36,0.02,0.04,0.91,0.95,0.05,0.95,0.0392,250.8,jev-1.13.0,1073,153
Q0106,ニコン ワイヤレスイヤホン,informational,0.59,0.01,0.3,0.1,0.47,0.98,0.04,0.03,0.02,0.96,0.03,0.0008,227.8,jev-1.13.0,1076,153
Q0107,Z 30 口コミ 初心者向け,informational,0.94,0.05,0.01,0.0,0.93,0.09,0.93,0.03,0.03,0.03,0.03,0.8463,251.5,jev-1.13.0,1078,153
Q0108,SONY a9 III 比較 CANON eos r8,comparison,0.0,1.0,0.0,0.0,1.0,0.06,0.05,0.95,0.97,0.04,0.97,0.047,296.1,jev-1.13.0,1077,150
Q0109,nikon Z50 2 レビュー,informational,0.99,0.01,0.0,0.0,0.98,0.41,0.95,0.04,0.02,0.03,0.04,0.5605,305.2,jev-1.13.0,1075,153
Q0110,Z 30 口コミ,informational,0.97,0.02,0.01,0.0,0.96,0.08,0.95,0.02,0.02,0.03,0.02,0.874,223.5,jev-1.13.0,1071,153
Q0111,アルファ アルファ7Rマーク5 在庫,transactional,0.0,0.0,1.0,0.0,1.0,0.03,0.05,0.19,0.92,0.04,0.92,0.0485,234.3,jev-1.13.0,1082,152
Q0112,CANON EOS R8 と ニコン zfc 違い,comparison,0.0,1.0,0.0,0.0,1.0,0.31,0.82,0.85,0.96,0.03,0.96,0.5658,224.2,jev-1.13.0,1079,150
Q0113,Z5II 作例 初心者向け,informational,1.0,0.0,0.0,0.0,0.99,0.08,0.89,0.03,0.03,0.04,0.03,0.8188,321.7,jev-1.13.0,1076,153
Q0114,nikon カメラ レビュー,informational,0.97,0.03,0.0,0.0,0.96,0.87,0.04,0.04,0.03,0.04,0.04,0.0052,266.8,jev-1.13.0,1074,153
Q0115,Z8 キャンペーン 店舗,navigational,0.01,0.0,0.44,0.55,0.41,0.09,0.96,0.03,0.02,0.06,0.03,0.8736,219.6,jev-1.13.0,1076,153
Q0116,nikon Z fc 特徴,informational,1.0,0.0,0.0,0.0,1.0,0.5,0.94,0.04,0.02,0.03,0.04,0.47,209.5,jev-1.13.0,1070,153
Q0117,Nikon NIKKOR Z 50mm f/1.8 S キャンペーン amazon,transactional,0.0,0.0,0.99,0.01,0.99,0.8,0.96,0.04,0.03,0.04,0.04,0.192,224.7,jev-1.13.0,1088,152
Q0118,Nikon Z50 2 口コミ どこで ダウンロード,informational,0.72,0.01,0.07,0.2,0.63,0.61,0.96,0.04,0.02,0.06,0.04,0.3744,220.1,jev-1.13.0,1085,153
Q0119,ニコンZf 中古 店舗,transactional,0.0,0.0,0.99,0.01,0.99,0.98,0.96,0.02,0.02,0.03,0.02,0.0192,298.1,jev-1.13.0,1075,152
Q0120,ニコン 修理,navigational,0.09,0.0,0.22,0.69,0.58,0.98,0.03,0.02,0.02,0.05,0.02,0.0006,220.3,jev-1.13.0,1069,153
Q0121,a1ii 最安値 店舗,transactional,0.0,0.0,1.0,0.0,1.0,0.05,0.2,0.04,0.28,0.08,0.28,0.19,303.9,jev-1.13.0,1074,152
Q0122,ノートパソコン 最安値,transactional,0.0,0.0,1.0,0.0,1.0,0.03,0.02,0.03,0.02,0.97,0.03,0.0194,281.2,jev-1.13.0,1074,152
Q0123,Z30 修理 ダウンロード,navigational,0.42,0.0,0.15,0.43,0.24,0.08,0.93,0.02,0.03,0.05,0.03,0.8556,377.7,jev-1.13.0,1076,153
Q0124,CANON 炊飯器,transactional,0.41,0.02,0.51,0.06,0.35,0.02,0.02,0.9,0.16,0.96,0.9,0.0196,325.7,jev-1.13.0,1070,152
Q0125,Z6 mark3 購入 店舗,transactional,0.0,0.0,1.0,0.0,0.99,0.08,0.9,0.03,0.02,0.03,0.03,0.828,333.3,jev-1.13.0,1075,152
Q0126,NIKON z30 値段 とは,transactional,0.13,0.0,0.87,0.0,0.82,0.96,0.93,0.04,0.02,0.04,0.04,0.0372,252.2,jev-1.13.0,1076,152
Q0127,テレビ 比較,comparison,0.03,0.97,0.0,0.0,0.96,0.03,0.02,0.03,0.02,0.96,0.03,0.0194,211.5,jev-1.13.0,1068,150
Q0128,NIKKOR Z 40mm F2 とは 初心者向け,informational,1.0,0.0,0.0,0.0,1.0,0.17,0.93,0.04,0.03,0.04,0.04,0.7719,270.0,jev-1.13.0,1084,153
Q0129,NIKKOR Z 180-600mm キャンペーン 店舗,transactional,0.01,0.0,0.66,0.33,0.55,0.15,0.95,0.03,0.02,0.04,0.03,0.8075,267.8,jev-1.13.0,1088,152
Q0130,NIKON Z 40mm f2 特徴,informational,1.0,0.0,0.0,0.0,1.0,0.96,0.94,0.03,0.02,0.04,0.03,0.0376,243.5,jev-1.13.0,1076,153
Q0131,sony a7c2 スペック,informational,0.99,0.01,0.0,0.0,0.99,0.02,0.04,0.93,0.96,0.04,0.96,0.0392,266.6,jev-1.13.0,1073,153
Q0132,α α7 IV 性能比較 Nikon NIKKOR Z 24-120 F4 S,comparison,0.0,1.0,0.0,0.0,1.0,0.77,0.85,0.16,0.93,0.04,0.93,0.1955,201.2,jev-1.13.0,1089,150
Q0133,Zf 価格 予約,transactional,0.0,0.0,1.0,0.0,1.0,0.07,0.95,0.03,0.03,0.03,0.03,0.8835,227.8,jev-1.13.0,1071,152
Q0134,ニコン Z50 2 キャンペーン amazon,transactional,0.0,0.0,0.99,0.01,0.99,0.98,0.96,0.03,0.03,0.04,0.03,0.0192,268.5,jev-1.13.0,1079,152
Q0135,sony ZV-E10 II 通販 修理,transactional,0.01,0.0,0.97,0.02,0.96,0.03,0.04,0.9,0.95,0.05,0.95,0.0388,207.7,jev-1.13.0,1076,152
Q0136,Nikon Z8 登録,navigational,0.15,0.0,0.25,0.6,0.47,0.69,0.95,0.03,0.02,0.07,0.03,0.2945,233.3,jev-1.13.0,1071,153
Q0137,z9 購入 店舗,transactional,0.0,0.0,1.0,0.0,1.0,0.07,0.94,0.03,0.03,0.03,0.03,0.8742,274.4,jev-1.13.0,1073,152
Q0138,Z8 画質 ログイン,navigational,0.04,0.0,0.0,0.96,0.95,0.08,0.92,0.03,0.02,0.06,0.03,0.8464,209.2,jev-1.13.0,1073,153
Q0139,40mm f2 単焦点 最安値 楽天,transactional,0.0,0.0,1.0,0.0,1.0,0.08,0.09,0.03,0.03,0.03,0.03,0.0828,271.9,jev-1.13.0,1081,152
Q0140,z8 サポート,navigational,0.31,0.0,0.0,0.69,0.57,0.1,0.92,0.03,0.03,0.04,0.03,0.828,327.5,jev-1.13.0,1070,153
Q0141,Nikon Z5 2 在庫,transactional,0.0,0.0,1.0,0.0,1.0,0.65,0.9,0.03,0.03,0.04,0.03,0.315,202.3,jev-1.13.0,1073,152
Q0142,Zfc 使い方 初心者向け,informational,1.0,0.0,0.0,0.0,1.0,0.05,0.93,0.02,0.02,0.03,0.02,0.8835,310.2,jev-1.13.0,1076,153
Q0143,Z 9 登録,navigational,0.27,0.0,0.16,0.57,0.42,0.09,0.95,0.02,0.03,0.06,0.03,0.8645,205.5,jev-1.13.0,1070,153
Q0144,Nikon Z 8 在庫,transactional,0.0,0.0,1.0,0.0,1.0,0.53,0.96,0.03,0.02,0.04,0.03,0.4512,263.6,jev-1.13.0,1072,152
Q0145,R50 最安値 楽天,transactional,0.0,0.0,1.0,0.0,1.0,0.06,0.52,0.04,0.23,0.05,0.23,0.4888,264.6,jev-1.13.0,1074,152
Q0146,キヤノン EOS R6 Mark II どっちがいい ソニー α7C II,comparison,0.0,1.0,0.0,0.0,1.0,0.04,0.05,0.97,0.97,0.03,0.97,0.048,434.3,jev-1.13.0,1087,150
Q0147,キヤノン Sony R6 Mark II 比較,comparison,0.0,1.0,0.0,0.0,1.0,0.03,0.09,0.93,0.92,0.05,0.93,0.0873,283.6,jev-1.13.0,1076,150
Q0148,CANON EOS R50 中古 amazon,transactional,0.0,0.0,1.0,0.0,1.0,0.02,0.04,0.86,0.95,0.04,0.95,0.0392,228.9,jev-1.13.0,1073,152
Q0149,eos r7 在庫 店舗,transactional,0.0,0.0,1.0,0.0,1.0,0.03,0.05,0.26,0.94,0.06,0.94,0.0485,270.4,jev-1.13.0,1075,152
Q0150,キヤノン eos r50 公式サイト,navigational,0.0,0.0,0.0,1.0,1.0,0.02,0.04,0.94,0.93,0.05,0.94,0.0392,294.4,jev-1.13.0,1077,153
Q0151,Z9 nikon アルファ 比較,comparison,0.0,1.0,0.0,0.0,1.0,0.84,0.97,0.17,0.19,0.03,0.19,0.1552,220.0,jev-1.13.0,1076,150
Q0152,Sony カメラ スペック,informational,0.97,0.03,0.0,0.0,0.96,0.02,0.03,0.94,0.08,0.05,0.94,0.0294,266.5,jev-1.13.0,1073,153
Q0153,Zf ニコン Canon 違い,comparison,0.0,1.0,0.0,0.0,1.0,0.91,0.96,0.92,0.09,0.03,0.92,0.0864,240.1,jev-1.13.0,1074,150
Q0154,Z50II 価格 楽天,transactional,0.0,0.0,1.0,0.0,1.0,0.09,0.9,0.03,0.02,0.03,0.03,0.819,254.4,jev-1.13.0,1074,152
Q0155,Z fc 評判,informational,0.99,0.01,0.0,0.0,0.98,0.07,0.95,0.03,0.03,0.04,0.03,0.8835,281.4,jev-1.13.0,1069,153
Q0156,複合機 最安値,transactional,0.0,0.0,1.0,0.0,1.0,0.04,0.02,0.03,0.02,0.93,0.03,0.0192,296.0,jev-1.13.0,1071,152
Q0157,ニコン z30 口コミ どちらを選ぶべき,comparison,0.0,1.0,0.0,0.0,0.99,0.98,0.97,0.08,0.03,0.03,0.08,0.0194,223.1,jev-1.13.0,1082,150
Q0158,50mm f1.8 FE 値段 店舗,transactional,0.0,0.0,1.0,0.0,1.0,0.03,0.08,0.08,0.33,0.06,0.33,0.0776,294.0,jev-1.13.0,1079,152
Q0159,アルファ α7IV 比較 ニコン NIKKOR Z 40mm f/2,comparison,0.0,1.0,0.0,0.0,1.0,0.51,0.89,0.19,0.95,0.04,0.95,0.4361,254.4,jev-1.13.0,1090,150
Q0160,nikon Z 24-120mm f4 下取り amazon,transactional,0.0,0.0,1.0,0.0,0.99,0.44,0.95,0.04,0.03,0.04,0.04,0.532,237.2,jev-1.13.0,1081,152
Q0161,Canon EOS R6 Mark II どっちがいい ニコン Z fc,comparison,0.0,1.0,0.0,0.0,1.0,0.87,0.94,0.84,0.96,0.03,0.96,0.1222,228.4,jev-1.13.0,1082,150
Q0162,50mm f1.8 S スペック 初心者向け,informational,1.0,0.0,0.0,0.0,1.0,0.11,0.81,0.02,0.03,0.03,0.03,0.7209,221.1,jev-1.13.0,1083,153
Q0163,ニコン 24-120mm f4 S 下取り どこで 公式サイト,navigational,0.0,0.0,0.28,0.72,0.62,0.98,0.95,0.03,0.02,0.04,0.03,0.019,236.1,jev-1.13.0,1091,153
Q0164,z50ii 使い方,informational,1.0,0.0,0.0,0.0,1.0,0.05,0.88,0.02,0.03,0.03,0.03,0.836,260.2,jev-1.13.0,1071,153
Q0165,zf 購入 ログイン,transactional,0.0,0.0,0.65,0.35,0.53,0.09,0.68,0.03,0.04,0.1,0.04,0.6188,224.7,jev-1.13.0,1073,152
Q0166,Canon RF100-500mm 特徴,informational,0.98,0.02,0.0,0.0,0.98,0.02,0.07,0.8,0.9,0.04,0.9,0.0686,191.6,jev-1.13.0,1076,153
Q0167,アルファ9 III Sony キヤノン vs,comparison,0.0,1.0,0.0,0.0,1.0,0.06,0.04,0.95,0.94,0.04,0.95,0.0376,185.1,jev-1.13.0,1076,150
Q0168,NIKON 会社説明会,navigational,0.44,0.0,0.0,0.56,0.4,0.97,0.04,0.04,0.02,0.84,0.04,0.0012,221.7,jev-1.13.0,1072,153
Q0169,Z6 3 セール 店舗,transactional,0.0,0.0,0.98,0.02,0.98,0.09,0.93,0.03,0.03,0.04,0.03,0.8463,204.3,jev-1.13.0,1075,152
Q0170,nikon スマートフォン,informational,0.74,0.01,0.07,0.18,0.65,0.85,0.05,0.05,0.03,0.7,0.05,0.0075,200.9,jev-1.13.0,1073,153
Q0171,アルファ カスタマーサポート,navigational,0.0,0.0,0.0,1.0,1.0,0.02,0.05,0.15,0.59,0.14,0.59,0.049,256.9,jev-1.13.0,1077,153
Q0172,Z6 III ダウンロード,navigational,0.16,0.0,0.17,0.67,0.56,0.07,0.94,0.02,0.03,0.07,0.03,0.8742,287.1,jev-1.13.0,1073,153
Q0173,nikon z50ii 登録,navigational,0.13,0.0,0.26,0.61,0.48,0.35,0.9,0.04,0.02,0.06,0.04,0.585,204.2,jev-1.13.0,1073,153
Q0174,NIKON Z8 下取り,transactional,0.0,0.0,1.0,0.0,0.99,0.95,0.96,0.04,0.03,0.04,0.04,0.048,255.9,jev-1.13.0,1072,152
Q0175,SONY a6700 と キヤノン RF50mm F1.8 STM 違い,comparison,0.0,1.0,0.0,0.0,1.0,0.04,0.06,0.94,0.97,0.03,0.97,0.0576,266.9,jev-1.13.0,1089,150
Q0176,ZV-E10II 取扱説明書 スペック,informational,0.97,0.0,0.0,0.03,0.96,0.1,0.91,0.03,0.02,0.03,0.03,0.819,227.8,jev-1.13.0,1080,153
Q0177,Z 9 口コミ 初心者向け,informational,0.97,0.03,0.0,0.0,0.96,0.08,0.95,0.03,0.03,0.04,0.03,0.874,221.4,jev-1.13.0,1077,153
Q0178,NIKON NIKKOR Z 24-120 F4 S 比較 おすすめ 公式サイト,comparison,0.0,0.96,0.0,0.04,0.94,0.95,0.94,0.05,0.03,0.03,0.05,0.047,257.6,jev-1.13.0,1096,150
Q0179,ニコン Z 50mm f1.8 取扱説明書,informational,0.87,0.0,0.01,0.12,0.83,0.98,0.94,0.02,0.02,0.03,0.02,0.0188,184.4,jev-1.13.0,1081,153
Q0180,sony a6700 登録,navigational,0.21,0.01,0.29,0.49,0.33,0.03,0.04,0.93,0.96,0.05,0.96,0.0388,190.8,jev-1.13.0,1073,153
Q0181,NIKON カスタマーサポート,navigational,0.0,0.0,0.0,1.0,1.0,0.97,0.03,0.03,0.02,0.05,0.03,0.0009,251.6,jev-1.13.0,1076,153
Q0182,SONY アルファ1 II 購入 amazon,transactional,0.0,0.0,1.0,0.0,1.0,0.02,0.04,0.92,0.95,0.03,0.95,0.0392,227.0,jev-1.13.0,1077,152
Q0183,アルファ カメラ 画質,informational,0.74,0.25,0.0,0.01,0.65,0.03,0.04,0.12,0.48,0.06,0.48,0.0388,227.5,jev-1.13.0,1074,153
Q0184,Z5 2 最安値 店舗,transactional,0.0,0.0,1.0,0.0,1.0,0.06,0.87,0.03,0.04,0.04,0.04,0.8178,238.9,jev-1.13.0,1075,152
Q0185,NIKKOR Z 24-120mm f/4 S 口コミ まとめ,informational,0.99,0.01,0.0,0.0,0.99,0.14,0.96,0.04,0.03,0.03,0.04,0.8256,327.2,jev-1.13.0,1088,153
Q0186,NIKKOR Z 50mm F1.8 セール 楽天,transactional,0.0,0.0,1.0,0.0,1.0,0.2,0.95,0.04,0.03,0.03,0.04,0.76,188.5,jev-1.13.0,1084,152
Q0187,ソニー アルファ1 II 評判 どこで キャンペーン,transactional,0.16,0.04,0.79,0.01,0.72,0.03,0.04,0.96,0.95,0.04,0.96,0.0388,227.9,jev-1.13.0,1088,152
Q0188,Canon R8 登録,navigational,0.19,0.01,0.29,0.51,0.35,0.02,0.06,0.86,0.95,0.06,0.95,0.0588,209.2,jev-1.13.0,1070,153
Q0189,NIKKOR Z 24-120mm f/4 S 登録,navigational,0.25,0.0,0.26,0.49,0.32,0.28,0.95,0.03,0.03,0.05,0.03,0.684,256.0,jev-1.13.0,1084,153
Q0190,Canon キヤノンR1 比較 おすすめ nikon z8,comparison,0.0,1.0,0.0,0.0,1.0,0.71,0.91,0.95,0.95,0.03,0.95,0.2639,272.6,jev-1.13.0,1084,150
Q0191,z5ii 画質 初心者向け,informational,0.99,0.01,0.0,0.0,0.98,0.1,0.9,0.02,0.03,0.04,0.03,0.81,269.9,jev-1.13.0,1076,153
Q0192,24-70 GMII レビュー,informational,0.99,0.01,0.0,0.0,0.99,0.03,0.1,0.15,0.66,0.1,0.66,0.097,361.6,jev-1.13.0,1075,153
Q0193,ソニー a9 III キャンペーン amazon,transactional,0.0,0.0,0.99,0.01,0.98,0.03,0.04,0.97,0.96,0.05,0.97,0.0388,230.1,jev-1.13.0,1077,152
Q0194,z8 サポート ダウンロード,navigational,0.27,0.0,0.12,0.61,0.49,0.08,0.93,0.03,0.03,0.04,0.03,0.8556,236.0,jev-1.13.0,1077,153
Q0195,Z50II レビュー,informational,1.0,0.0,0.0,0.0,0.99,0.05,0.92,0.03,0.02,0.04,0.03,0.874,555.3,jev-1.13.0,1072,153
Q0196,z30 通販 ログイン,navigational,0.0,0.0,0.21,0.79,0.71,0.11,0.92,0.02,0.04,0.07,0.04,0.8188,314.7,jev-1.13.0,1074,153
Q0197,nikon Z50 II 最安値 予約,transactional,0.0,0.0,1.0,0.0,1.0,0.26,0.83,0.04,0.02,0.03,0.04,0.6142,503.0,jev-1.13.0,1076,152
Q0198,RF50 1.8 STM 画質 ログイン,navigational,0.38,0.01,0.01,0.6,0.46,0.04,0.07,0.09,0.78,0.12,0.78,0.0672,280.4,jev-1.13.0,1079,153
Q0199,zfc 通販 予約,transactional,0.0,0.0,1.0,0.0,1.0,0.09,0.91,0.03,0.02,0.04,0.03,0.8281,233.5,jev-1.13.0,1071,152
Q0200,Z5II 通販 修理,transactional,0.0,0.0,0.98,0.02,0.97,0.1,0.89,0.03,0.03,0.05,0.03,0.801,252.1,jev-1.13.0,1072,152
Q0201,a9 III アルファ canon 比較 おすすめ,comparison,0.0,1.0,0.0,0.0,1.0,0.05,0.15,0.92,0.72,0.06,0.92,0.1425,302.2,jev-1.13.0,1081,150
Q0202,NIKKOR Z 50mm f/1.8 S 価格 店舗,transactional,0.0,0.0,1.0,0.0,1.0,0.21,0.94,0.03,0.02,0.03,0.03,0.7426,309.3,jev-1.13.0,1085,152
Q0203,nikon canon どちらを選ぶべき,comparison,0.0,1.0,0.0,0.0,1.0,0.73,0.04,0.86,0.12,0.03,0.86,0.0108,355.3,jev-1.13.0,1075,150
Q0204,FE 24-70 GM2 アルファ CANON 比較 おすすめ,comparison,0.0,1.0,0.0,0.0,1.0,0.06,0.12,0.81,0.77,0.03,0.81,0.1128,222.0,jev-1.13.0,1088,150
Q0205,24-70mm f2.8 GM II 価格 店舗,transactional,0.0,0.0,1.0,0.0,1.0,0.04,0.07,0.07,0.63,0.06,0.63,0.0672,224.2,jev-1.13.0,1082,152
Q0206,Nikon NIKKOR 180-600 セール スペック,transactional,0.13,0.0,0.87,0.0,0.82,0.77,0.93,0.03,0.02,0.03,0.03,0.2139,319.4,jev-1.13.0,1086,152
Q0207,z5ii 登録,navigational,0.23,0.0,0.26,0.51,0.34,0.08,0.86,0.02,0.03,0.07,0.03,0.7912,279.1,jev-1.13.0,1070,153
Q0208,Z6III 公式ストア,navigational,0.0,0.0,0.03,0.97,0.96,0.14,0.95,0.02,0.02,0.04,0.02,0.817,316.7,jev-1.13.0,1072,153
Q0209,z9 購入 予約,transactional,0.0,0.0,1.0,0.0,1.0,0.06,0.94,0.03,0.02,0.03,0.03,0.8836,226.2,jev-1.13.0,1072,152
Q0210,Z5II 値段 店舗,transactional,0.0,0.0,1.0,0.0,1.0,0.09,0.91,0.03,0.02,0.04,0.03,0.8281,201.2,jev-1.13.0,1074,152
Q0211,ニコン カスタマーサポート,navigational,0.0,0.0,0.0,1.0,1.0,0.98,0.02,0.02,0.02,0.05,0.02,0.0004,270.9,jev-1.13.0,1076,153
Q0212,ニコン zf 評判,informational,1.0,0.0,0.0,0.0,0.99,0.98,0.96,0.03,0.02,0.04,0.03,0.0192,246.4,jev-1.13.0,1072,153
Q0213,nikon ニコンZ8 と ソニー α7 IV 比較 おすすめ,comparison,0.0,1.0,0.0,0.0,1.0,0.97,0.97,0.56,0.9,0.03,0.9,0.0291,283.2,jev-1.13.0,1088,150
Q0214,Nikon 採用,informational,0.66,0.08,0.02,0.24,0.55,0.93,0.04,0.05,0.03,0.91,0.05,0.0028,291.4,jev-1.13.0,1069,153
Q0215,ニコン ニコンZ9 と キヤノン EOS R5 Mark II どちらを選ぶべき,comparison,0.0,1.0,0.0,0.0,1.0,0.97,0.97,0.94,0.95,0.03,0.95,0.0291,272.0,jev-1.13.0,1092,150
Q0216,canon 24-105mm f4 L 登録,navigational,0.33,0.01,0.26,0.4,0.2,0.02,0.06,0.94,0.87,0.05,0.94,0.0588,280.2,jev-1.13.0,1079,153
Q0217,nikon ニコンZ8 購入 予約,transactional,0.0,0.0,1.0,0.0,1.0,0.98,0.95,0.04,0.02,0.03,0.04,0.019,259.7,jev-1.13.0,1078,152
Q0218,Z5 2 vs サポート,navigational,0.12,0.43,0.0,0.45,0.27,0.08,0.9,0.03,0.04,0.05,0.04,0.828,352.0,jev-1.13.0,1073,153
Q0219,NIKON CANON z5ii vs,comparison,0.0,1.0,0.0,0.0,1.0,0.96,0.71,0.9,0.44,0.04,0.9,0.0284,201.2,jev-1.13.0,1072,150
Q0220,sony カメラ 初心者,informational,0.76,0.15,0.08,0.01,0.69,0.02,0.03,0.94,0.09,0.04,0.94,0.0294,221.9,jev-1.13.0,1073,153
Q0221,ニコン Zf 中古 予約,transactional,0.0,0.0,1.0,0.0,1.0,0.98,0.96,0.02,0.02,0.03,0.02,0.0192,255.8,jev-1.13.0,1074,152
Q0222,nikon Z6 III とは どこで セール,transactional,0.01,0.0,0.99,0.0,0.98,0.44,0.92,0.03,0.02,0.04,0.03,0.5152,198.2,jev-1.13.0,1079,152
Q0223,eos r10 vs 下取り,comparison,0.02,0.7,0.28,0.0,0.6,0.04,0.06,0.2,0.87,0.1,0.87,0.0576,233.1,jev-1.13.0,1073,150
Q0224,50mm f1.8 S キャンペーン 楽天,transactional,0.0,0.0,1.0,0.0,0.99,0.11,0.88,0.03,0.03,0.04,0.03,0.7832,278.8,jev-1.13.0,1082,152
Q0225,CANON Sony どちらを選ぶべき,comparison,0.0,1.0,0.0,0.0,1.0,0.03,0.02,0.9,0.08,0.04,0.9,0.0194,243.3,jev-1.13.0,1075,150
Q0226,Z 30 スペック まとめ,informational,1.0,0.0,0.0,0.0,1.0,0.07,0.93,0.03,0.02,0.04,0.03,0.8649,239.6,jev-1.13.0,1076,153
Q0227,α α7C II と ニコン NIKKOR Z 40mm f/2 vs,comparison,0.0,1.0,0.0,0.0,1.0,0.89,0.87,0.14,0.89,0.03,0.89,0.0957,205.3,jev-1.13.0,1086,150
Q0228,FE50mm 1.8 初心者,informational,0.7,0.18,0.12,0.0,0.6,0.03,0.06,0.07,0.7,0.06,0.7,0.0582,289.7,jev-1.13.0,1076,153
Q0229,ニコン Z9 下取り 予約,transactional,0.0,0.0,0.98,0.02,0.97,0.98,0.97,0.02,0.02,0.05,0.02,0.0194,264.2,jev-1.13.0,1075,152
Q0230,nikon z50ii 値段,transactional,0.0,0.0,1.0,0.0,1.0,0.4,0.89,0.03,0.02,0.04,0.03,0.534,320.1,jev-1.13.0,1073,152
Q0231,キヤノン カメラ 口コミ,informational,0.8,0.2,0.0,0.0,0.73,0.02,0.03,0.94,0.06,0.04,0.94,0.0294,333.3,jev-1.13.0,1075,153
Q0232,NIKKOR Z 50mm F1.8 キャンペーン 楽天,transactional,0.0,0.0,0.99,0.01,0.99,0.33,0.95,0.03,0.03,0.04,0.03,0.6365,278.0,jev-1.13.0,1087,152
Q0233,ニコンZf 在庫 予約,transactional,0.0,0.0,1.0,0.0,1.0,0.98,0.97,0.02,0.02,0.04,0.02,0.0194,196.2,jev-1.13.0,1075,152
Q0234,Zfc 登録,informational,0.41,0.0,0.26,0.33,0.21,0.15,0.94,0.02,0.03,0.09,0.03,0.799,209.1,jev-1.13.0,1069,153
Q0235,ニコン Z f 最安値,transactional,0.0,0.0,1.0,0.0,1.0,0.98,0.97,0.03,0.02,0.03,0.03,0.0194,186.8,jev-1.13.0,1072,152
Q0236,Z5 2 作例 初心者向け,informational,1.0,0.0,0.0,0.0,0.99,0.08,0.88,0.02,0.03,0.04,0.03,0.8096,307.1,jev-1.13.0,1077,153
Q0237,24-70 GMII 設定方法 初心者向け,informational,1.0,0.0,0.0,0.0,1.0,0.03,0.1,0.07,0.74,0.06,0.74,0.097,249.1,jev-1.13.0,1083,153
Q0238,z50ii 通販 楽天,transactional,0.0,0.0,1.0,0.0,1.0,0.07,0.88,0.03,0.02,0.04,0.03,0.8184,199.1,jev-1.13.0,1074,152
Q0239,canon アルファ 違い,comparison,0.0,1.0,0.0,0.0,1.0,0.04,0.06,0.88,0.38,0.07,0.88,0.0576,259.9,jev-1.13.0,1073,150
Q0240,Z 8 初心者 まとめ,informational,1.0,0.0,0.0,0.0,1.0,0.07,0.94,0.03,0.03,0.04,0.03,0.8742,232.1,jev-1.13.0,1075,153
Q0241,Z5 II ダウンロード 比較 おすすめ,comparison,0.01,0.98,0.0,0.01,0.98,0.08,0.85,0.05,0.04,0.05,0.05,0.782,289.6,jev-1.13.0,1082,150
Q0242,nikon z30 修理 どこで 口コミ,transactional,0.31,0.0,0.49,0.2,0.31,0.36,0.96,0.03,0.02,0.04,0.03,0.6144,257.2,jev-1.13.0,1079,152
Q0243,ソニー FE50mm 1.8 画質,informational,0.97,0.03,0.0,0.0,0.95,0.03,0.04,0.95,0.94,0.04,0.95,0.0388,236.9,jev-1.13.0,1077,153
Q0244,zfc 初心者 まとめ,informational,1.0,0.0,0.0,0.0,0.99,0.07,0.93,0.03,0.03,0.04,0.03,0.8649,266.3,jev-1.13.0,1074,153
Q0245,a7iv レビュー 取扱説明書,informational,0.99,0.0,0.0,0.01,0.98,0.04,0.06,0.17,0.9,0.06,0.9,0.0576,281.2,jev-1.13.0,1077,153
Q0246,ニコン Z50 II 価格 予約,transactional,0.0,0.0,1.0,0.0,1.0,0.98,0.94,0.03,0.02,0.03,0.03,0.0188,235.9,jev-1.13.0,1076,152
Q0247,VLOGCAM E10 II SONY CANON 比較,comparison,0.0,1.0,0.0,0.0,1.0,0.04,0.06,0.96,0.52,0.05,0.96,0.0576,263.8,jev-1.13.0,1078,150
Q0248,NIKKOR Z 50mm F1.8 Nikon SONY 違い,comparison,0.0,1.0,0.0,0.0,1.0,0.94,0.93,0.89,0.15,0.03,0.89,0.0558,229.7,jev-1.13.0,1083,150
Q0249,Nikon Z6 III 登録,navigational,0.11,0.0,0.3,0.59,0.45,0.76,0.95,0.04,0.02,0.06,0.04,0.228,288.7,jev-1.13.0,1072,153
Q0250,z9 画質 初心者向け,informational,0.99,0.01,0.0,0.0,0.99,0.09,0.95,0.03,0.03,0.04,0.03,0.8645,367.2,jev-1.13.0,1075,153
Q0251,NIKON z9 購入 予約,transactional,0.0,0.0,1.0,0.0,1.0,0.93,0.92,0.03,0.02,0.03,0.03,0.0644,296.2,jev-1.13.0,1075,152
Q0252,NIKON 40mm f2 単焦点 登録,navigational,0.35,0.0,0.28,0.37,0.16,0.97,0.82,0.04,0.03,0.06,0.04,0.0246,263.9,jev-1.13.0,1081,153
Q0253,Z fc とは まとめ,informational,1.0,0.0,0.0,0.0,1.0,0.07,0.94,0.03,0.03,0.04,0.03,0.8742,274.2,jev-1.13.0,1072,153
Q0254,Z 40mm f2 キャンペーン 楽天,transactional,0.0,0.0,0.99,0.01,0.99,0.09,0.93,0.03,0.03,0.04,0.03,0.8463,245.4,jev-1.13.0,1081,152
Q0255,FE 24-70mm F2.8 GM II Sony Canon 比較 おすすめ,comparison,0.0,1.0,0.0,0.0,1.0,0.11,0.05,0.94,0.76,0.04,0.94,0.0445,199.2,jev-1.13.0,1088,150
Q0256,Nikon Z 180-600mm とは 比較,comparison,0.13,0.87,0.0,0.0,0.83,0.5,0.88,0.05,0.03,0.04,0.05,0.44,313.2,jev-1.13.0,1082,150
Q0257,Nikon SONY Z 8 比較,comparison,0.0,1.0,0.0,0.0,1.0,0.9,0.33,0.93,0.85,0.04,0.93,0.033,284.2,jev-1.13.0,1074,150
Q0258,a6700 在庫 店舗,transactional,0.0,0.0,1.0,0.0,1.0,0.04,0.09,0.04,0.24,0.06,0.24,0.0864,219.0,jev-1.13.0,1076,152
Q0259,Z 50mm f1.8 ダウンロード,navigational,0.37,0.0,0.18,0.45,0.26,0.07,0.89,0.02,0.03,0.05,0.03,0.8277,236.0,jev-1.13.0,1079,153
Q0260,NIKON Z5 II 最安値 amazon,transactional,0.0,0.0,1.0,0.0,1.0,0.96,0.86,0.05,0.02,0.03,0.05,0.0344,208.7,jev-1.13.0,1074,152
Q0261,アルファ アルファ1 II 特徴,informational,1.0,0.0,0.0,0.0,0.99,0.02,0.07,0.13,0.83,0.06,0.83,0.0686,307.2,jev-1.13.0,1077,153
Q0262,z6iii 画質 初心者向け,informational,0.99,0.01,0.0,0.0,0.98,0.08,0.92,0.02,0.03,0.03,0.03,0.8464,297.6,jev-1.13.0,1076,153
Q0263,nikon Canon NIKKOR Z 50mm f/1.8 S 口コミ,comparison,0.47,0.52,0.01,0.0,0.37,0.42,0.93,0.92,0.19,0.04,0.92,0.5394,205.2,jev-1.13.0,1085,150
Q0264,ニコン Z5 II 使い方 サポート,informational,0.9,0.0,0.0,0.1,0.87,0.98,0.96,0.02,0.02,0.03,0.02,0.0192,294.1,jev-1.13.0,1078,153
Q0265,ソニー FE 50mm F1.8 と NIKON ニコンZ8 vs,comparison,0.0,1.0,0.0,0.0,1.0,0.95,0.94,0.96,0.95,0.04,0.96,0.047,393.4,jev-1.13.0,1086,150
Q0266,Z8 作例,informational,1.0,0.0,0.0,0.0,0.99,0.05,0.95,0.03,0.03,0.04,0.03,0.9025,226.7,jev-1.13.0,1068,153
Q0267,ニコン zfc 口コミ,informational,0.96,0.03,0.01,0.0,0.96,0.98,0.91,0.03,0.02,0.04,0.03,0.0182,330.6,jev-1.13.0,1072,153
Q0268,eos r10 canon α 性能比較,comparison,0.0,1.0,0.0,0.0,1.0,0.04,0.05,0.78,0.93,0.04,0.93,0.048,210.3,jev-1.13.0,1076,150
Q0269,40mm f2 単焦点 登録,informational,0.41,0.01,0.31,0.27,0.22,0.1,0.13,0.03,0.03,0.06,0.03,0.117,286.0,jev-1.13.0,1077,153
Q0270,Z5II 下取り 予約,transactional,0.0,0.0,0.99,0.01,0.98,0.07,0.91,0.02,0.02,0.04,0.02,0.8463,292.9,jev-1.13.0,1073,152
Q0271,NIKON Z9 登録,navigational,0.13,0.0,0.21,0.66,0.54,0.96,0.95,0.03,0.02,0.06,0.03,0.038,212.7,jev-1.13.0,1072,153
Q0272,zf 価格 店舗,transactional,0.0,0.0,1.0,0.0,1.0,0.07,0.64,0.03,0.04,0.07,0.04,0.5952,226.8,jev-1.13.0,1071,152
Q0273,z50ii 在庫 店舗,transactional,0.0,0.0,1.0,0.0,1.0,0.06,0.82,0.03,0.03,0.04,0.03,0.7708,226.2,jev-1.13.0,1075,152
Q0274,Z50 II 通販 楽天,transactional,0.0,0.0,1.0,0.0,1.0,0.11,0.92,0.03,0.02,0.03,0.03,0.8188,252.8,jev-1.13.0,1074,152
Q0275,nikon Canon zf vs,comparison,0.0,1.0,0.0,0.0,1.0,0.6,0.2,0.86,0.53,0.05,0.86,0.08,630.2,jev-1.13.0,1069,150
Q0276,ニコンZf とは 初心者向け,informational,1.0,0.0,0.0,0.0,1.0,0.98,0.96,0.03,0.02,0.04,0.03,0.0192,265.9,jev-1.13.0,1078,153
Q0277,Z50 2 価格 楽天,transactional,0.0,0.0,1.0,0.0,1.0,0.07,0.92,0.03,0.03,0.04,0.03,0.8556,336.0,jev-1.13.0,1075,152
Q0278,NIKKOR Z 50mm f/1.8 S 登録,navigational,0.29,0.0,0.24,0.47,0.3,0.23,0.96,0.03,0.03,0.05,0.03,0.7392,256.8,jev-1.13.0,1082,153
Q0279,FE 200-600 G α ニコン 違い,comparison,0.0,1.0,0.0,0.0,1.0,0.96,0.08,0.18,0.88,0.06,0.88,0.0032,275.1,jev-1.13.0,1082,150
Q0280,ソニー ZV-E10 II 作例,informational,0.98,0.02,0.0,0.0,0.97,0.02,0.03,0.95,0.96,0.05,0.96,0.0294,247.2,jev-1.13.0,1075,153
Q0281,α7RV 下取り 楽天,transactional,0.0,0.0,0.99,0.01,0.99,0.04,0.11,0.29,0.8,0.05,0.8,0.1056,218.2,jev-1.13.0,1074,152
Q0282,CANON RF100-500mm 登録,navigational,0.29,0.01,0.32,0.38,0.16,0.03,0.05,0.86,0.95,0.06,0.95,0.0485,224.5,jev-1.13.0,1078,153
Q0283,ソニー カメラ スペック,informational,0.95,0.05,0.0,0.0,0.93,0.02,0.03,0.97,0.08,0.05,0.97,0.0294,226.8,jev-1.13.0,1075,153
Q0284,ソニー a7RV セール どこで とは,transactional,0.05,0.0,0.95,0.0,0.93,0.03,0.04,0.96,0.94,0.04,0.96,0.0388,380.8,jev-1.13.0,1080,152
Q0285,α カスタマーサポート,navigational,0.0,0.0,0.0,1.0,1.0,0.03,0.05,0.16,0.53,0.1,0.53,0.0485,225.5,jev-1.13.0,1074,153
Q0286,Sony FE 50mm F1.8 と nikon Z9 違い,comparison,0.0,1.0,0.0,0.0,1.0,0.49,0.82,0.87,0.95,0.04,0.95,0.4182,277.1,jev-1.13.0,1082,150
Q0287,Z f キャンペーン 楽天,transactional,0.01,0.0,0.95,0.04,0.94,0.12,0.94,0.03,0.03,0.07,0.03,0.8272,218.7,jev-1.13.0,1076,152
Q0288,NIKKOR Z 180-600mm サポート ダウンロード,navigational,0.27,0.0,0.09,0.64,0.51,0.21,0.95,0.03,0.02,0.03,0.03,0.7505,225.2,jev-1.13.0,1089,153
Q0289,NIKKOR Z 24-120mm f/4 S 初心者,informational,0.96,0.02,0.02,0.0,0.95,0.14,0.96,0.04,0.02,0.03,0.04,0.8256,245.0,jev-1.13.0,1085,153
Q0290,nikon NIKKOR Z 40mm f/2 特徴,informational,1.0,0.0,0.0,0.0,1.0,0.55,0.95,0.03,0.02,0.03,0.03,0.4275,293.4,jev-1.13.0,1080,153
Q0291,キヤノン Nikon r6 mark2 口コミ,comparison,0.42,0.58,0.0,0.0,0.44,0.96,0.8,0.95,0.67,0.04,0.95,0.032,240.1,jev-1.13.0,1076,150
Q0292,50mm f1.8 S Nikon sony どちらを選ぶべき,comparison,0.0,1.0,0.0,0.0,1.0,0.94,0.46,0.92,0.23,0.03,0.92,0.0276,317.6,jev-1.13.0,1082,150
Q0293,CANON r6 mark2 通販 amazon,transactional,0.0,0.0,1.0,0.0,1.0,0.02,0.03,0.9,0.95,0.04,0.95,0.0294,244.9,jev-1.13.0,1073,152
Q0294,NIKON z50ii 在庫 予約,transactional,0.0,0.0,1.0,0.0,1.0,0.86,0.84,0.04,0.02,0.04,0.04,0.1176,249.1,jev-1.13.0,1077,152
Q0295,Canon R1 レビュー,informational,0.99,0.01,0.0,0.0,0.98,0.02,0.04,0.85,0.92,0.05,0.92,0.0392,215.4,jev-1.13.0,1071,153
Q0296,Zfc 画質 初心者向け,informational,0.98,0.02,0.0,0.0,0.98,0.1,0.94,0.03,0.03,0.04,0.03,0.846,260.7,jev-1.13.0,1075,153
Q0297,α 50mm f1.8 FE とは,informational,1.0,0.0,0.0,0.0,1.0,0.02,0.05,0.14,0.84,0.06,0.84,0.049,263.7,jev-1.13.0,1076,153
Q0298,ニコン NIKKOR Z 24-120 F4 S 中古,transactional,0.0,0.0,1.0,0.0,1.0,0.96,0.97,0.03,0.02,0.03,0.03,0.0388,283.5,jev-1.13.0,1084,152
Q0299,ニコン NIKKOR 180-600 セール amazon,transactional,0.0,0.0,1.0,0.0,1.0,0.96,0.94,0.03,0.02,0.03,0.03,0.0376,214.4,jev-1.13.0,1083,152
Q0300,Canon EOS R1 特徴,informational,0.99,0.01,0.0,0.0,0.99,0.02,0.08,0.85,0.91,0.04,0.91,0.0784,207.3,jev-1.13.0,1070,153
Q0301,ニコン ログイン,navigational,0.0,0.0,0.0,1.0,1.0,0.98,0.03,0.02,0.02,0.21,0.02,0.0006,255.1,jev-1.13.0,1071,153
Q0302,NIKON zfc 中古 amazon,transactional,0.0,0.0,1.0,0.0,1.0,0.97,0.94,0.04,0.03,0.03,0.04,0.0282,319.9,jev-1.13.0,1072,152
Q0303,NIKON ニコンZf ダウンロード 値段,transactional,0.01,0.0,0.97,0.02,0.96,0.98,0.95,0.04,0.03,0.07,0.04,0.019,216.0,jev-1.13.0,1083,152
Q0304,nikon Z50 2 比較 問い合わせ,comparison,0.0,0.99,0.0,0.01,0.97,0.37,0.91,0.07,0.04,0.04,0.07,0.5733,246.2,jev-1.13.0,1081,150
Q0305,nikon ログイン,navigational,0.0,0.0,0.0,1.0,1.0,0.74,0.03,0.03,0.02,0.24,0.03,0.0078,262.2,jev-1.13.0,1070,153
Q0306,ニコン カメラ スペック,informational,1.0,0.0,0.0,0.0,1.0,0.98,0.04,0.03,0.03,0.04,0.03,0.0008,238.3,jev-1.13.0,1075,153
Q0307,a7CII レビュー 初心者向け,informational,0.98,0.02,0.0,0.0,0.97,0.04,0.05,0.19,0.82,0.05,0.82,0.048,248.0,jev-1.13.0,1079,153
Q0308,アルファ FE 24-70 GM2 セール 予約,transactional,0.0,0.0,1.0,0.0,1.0,0.02,0.06,0.16,0.91,0.04,0.91,0.0588,279.6,jev-1.13.0,1083,152
Q0309,Zf とは 初心者向け,informational,1.0,0.0,0.0,0.0,1.0,0.12,0.95,0.03,0.03,0.05,0.03,0.836,189.0,jev-1.13.0,1075,153
Q0310,RF50 1.8 STM 購入 楽天,transactional,0.0,0.0,1.0,0.0,1.0,0.03,0.05,0.12,0.63,0.07,0.63,0.0485,286.0,jev-1.13.0,1079,152
Q0311,sony 公式サイト,navigational,0.0,0.0,0.0,1.0,1.0,0.02,0.02,0.96,0.06,0.2,0.96,0.0196,225.3,jev-1.13.0,1070,153
Q0312,z30 購入 楽天,transactional,0.0,0.0,1.0,0.0,1.0,0.09,0.91,0.02,0.03,0.03,0.03,0.8281,190.8,jev-1.13.0,1074,152
Q0313,nikon z8 特徴,informational,1.0,0.0,0.0,0.0,1.0,0.45,0.95,0.03,0.02,0.03,0.03,0.5225,276.9,jev-1.13.0,1070,153
Q0314,NIKON NIKKOR 180-600 特徴,informational,1.0,0.0,0.0,0.0,1.0,0.94,0.92,0.04,0.02,0.03,0.04,0.0552,227.0,jev-1.13.0,1081,153
Q0315,CANON RF100-500 望遠 と α アルファ9 III どちらを選ぶべき,comparison,0.0,1.0,0.0,0.0,1.0,0.03,0.06,0.71,0.93,0.03,0.93,0.0582,301.4,jev-1.13.0,1094,150
Q0316,アルファ アルファ1 II 購入 amazon,transactional,0.0,0.0,1.0,0.0,1.0,0.03,0.05,0.14,0.88,0.04,0.88,0.0485,191.6,jev-1.13.0,1079,152
Q0317,NIKON Z6 3 特徴,informational,1.0,0.0,0.0,0.0,1.0,0.96,0.95,0.03,0.03,0.04,0.03,0.038,216.6,jev-1.13.0,1073,153
Q0318,z6iii セール 予約,transactional,0.0,0.0,1.0,0.0,1.0,0.08,0.91,0.03,0.02,0.04,0.03,0.8372,245.5,jev-1.13.0,1073,152
Q0319,z50ii 問い合わせ ダウンロード,navigational,0.24,0.0,0.09,0.67,0.56,0.09,0.88,0.02,0.03,0.05,0.03,0.8008,304.1,jev-1.13.0,1081,153
Q0320,Z 30 キャンペーン 予約,transactional,0.0,0.0,0.97,0.03,0.96,0.07,0.94,0.03,0.02,0.04,0.03,0.8742,258.3,jev-1.13.0,1077,152
Q0321,複合機 とは,informational,1.0,0.0,0.0,0.0,1.0,0.03,0.02,0.02,0.02,0.92,0.02,0.0194,219.9,jev-1.13.0,1070,153
Q0322,Canon 24-105mm f4 L 中古 予約,transactional,0.0,0.0,1.0,0.0,1.0,0.02,0.07,0.88,0.84,0.04,0.88,0.0686,221.5,jev-1.13.0,1081,152
Q0323,24-120mm f4 S 設定方法 初心者向け,informational,1.0,0.0,0.0,0.0,1.0,0.1,0.78,0.02,0.02,0.04,0.02,0.702,218.5,jev-1.13.0,1086,153
Q0324,Z f 作例,informational,1.0,0.0,0.0,0.0,0.99,0.07,0.94,0.03,0.03,0.04,0.03,0.8742,263.3,jev-1.13.0,1068,153
Q0325,z9 作例,informational,1.0,0.0,0.0,0.0,0.99,0.05,0.94,0.03,0.03,0.04,0.03,0.893,234.7,jev-1.13.0,1068,153
Q0326,NIKKOR Z 24-120 F4 S 中古 予約,transactional,0.0,0.0,1.0,0.0,1.0,0.1,0.95,0.04,0.02,0.03,0.04,0.855,270.1,jev-1.13.0,1084,152
Q0327,z9 登録,navigational,0.26,0.0,0.13,0.61,0.48,0.07,0.93,0.02,0.03,0.05,0.03,0.8649,235.8,jev-1.13.0,1069,153
Q0328,CANON EOS R50 比較 NIKON z30,comparison,0.0,1.0,0.0,0.0,1.0,0.35,0.88,0.84,0.95,0.03,0.95,0.572,304.7,jev-1.13.0,1079,150
Q0329,EOS R1 画質,informational,0.91,0.09,0.0,0.0,0.87,0.03,0.04,0.18,0.92,0.06,0.92,0.0388,250.4,jev-1.13.0,1069,153
Q0330,ニコン Z9 と α 200-600mm G望遠 vs,comparison,0.0,1.0,0.0,0.0,1.0,0.97,0.94,0.13,0.81,0.04,0.81,0.0282,228.6,jev-1.13.0,1083,150
Q0331,α 24-70 GMII 設定方法,informational,1.0,0.0,0.0,0.0,1.0,0.03,0.08,0.11,0.91,0.06,0.91,0.0776,277.2,jev-1.13.0,1078,153
Q0332,ニコン Zf vs サポート,navigational,0.07,0.4,0.0,0.53,0.37,0.98,0.94,0.04,0.03,0.04,0.04,0.0188,280.7,jev-1.13.0,1074,153
Q0333,Zfc キャンペーン 楽天,transactional,0.01,0.0,0.96,0.03,0.96,0.17,0.94,0.04,0.03,0.07,0.04,0.7802,279.7,jev-1.13.0,1076,152
Q0334,z6iii 評判,informational,0.99,0.01,0.0,0.0,0.99,0.05,0.94,0.03,0.03,0.04,0.03,0.893,339.5,jev-1.13.0,1070,153
Q0335,nikon NIKKOR 180-600 最安値 どこで 使い方,transactional,0.01,0.0,0.99,0.0,0.99,0.57,0.92,0.04,0.03,0.03,0.04,0.3956,273.6,jev-1.13.0,1089,152
Q0336,NIKKOR Z 24-120mm f/4 S 通販 楽天,transactional,0.0,0.0,1.0,0.0,1.0,0.12,0.95,0.04,0.03,0.03,0.04,0.836,271.2,jev-1.13.0,1087,152
Q0337,nikon NIKKOR Z 50mm F1.8 違い canon R1,comparison,0.0,1.0,0.0,0.0,1.0,0.74,0.92,0.7,0.86,0.06,0.86,0.2392,222.0,jev-1.13.0,1085,150
Q0338,canon RF 24-105mm F4L 使い方,informational,1.0,0.0,0.0,0.0,1.0,0.02,0.04,0.91,0.95,0.04,0.95,0.0392,263.3,jev-1.13.0,1080,153
Q0339,Z 180-600mm 最安値 どっちがいい,transactional,0.0,0.22,0.78,0.0,0.71,0.11,0.94,0.05,0.03,0.03,0.05,0.8366,229.5,jev-1.13.0,1084,152
Q0340,Z5 II スペック 中古,transactional,0.23,0.0,0.77,0.0,0.69,0.12,0.9,0.03,0.03,0.04,0.03,0.792,280.7,jev-1.13.0,1074,152
Q0341,nikon ニコンZ8 中古 予約,transactional,0.0,0.0,1.0,0.0,1.0,0.98,0.96,0.06,0.02,0.03,0.06,0.0192,224.5,jev-1.13.0,1077,152
Q0342,NIKKOR Z 24-120mm f/4 S ダウンロード ダウンロード,navigational,0.27,0.0,0.22,0.51,0.35,0.23,0.95,0.03,0.03,0.07,0.03,0.7315,397.0,jev-1.13.0,1094,153
Q0343,Sony Nikon 違い,comparison,0.0,1.0,0.0,0.0,1.0,0.93,0.04,0.95,0.07,0.04,0.95,0.0028,248.2,jev-1.13.0,1069,150
Q0344,アルファ nikon 違い,comparison,0.0,1.0,0.0,0.0,1.0,0.97,0.19,0.4,0.55,0.04,0.55,0.0057,377.8,jev-1.13.0,1073,150
Q0345,NIKKOR Z 24-120mm f/4 S 最安値 楽天,transactional,0.0,0.0,1.0,0.0,1.0,0.2,0.95,0.04,0.02,0.03,0.04,0.76,242.2,jev-1.13.0,1088,152
Q0346,Z6III 画質 最安値,transactional,0.0,0.0,1.0,0.0,1.0,0.09,0.93,0.03,0.02,0.03,0.03,0.8463,215.4,jev-1.13.0,1073,152
Q0347,sony a9iii 価格 amazon,transactional,0.0,0.0,1.0,0.0,1.0,0.02,0.03,0.92,0.94,0.04,0.94,0.0294,249.4,jev-1.13.0,1071,152
Q0348,キヤノン R5II 違い ニコン Zf,comparison,0.0,1.0,0.0,0.0,1.0,0.94,0.93,0.95,0.95,0.04,0.95,0.0558,192.4,jev-1.13.0,1080,150
Q0349,CANON R50 特徴,informational,0.99,0.01,0.0,0.0,0.99,0.02,0.07,0.81,0.92,0.04,0.92,0.0686,284.8,jev-1.13.0,1071,153
Q0350,NIKKOR Z 24-120 F4 S 在庫 店舗,transactional,0.0,0.0,1.0,0.0,1.0,0.17,0.96,0.03,0.02,0.03,0.03,0.7968,201.6,jev-1.13.0,1086,152
Q0351,180-600mm 望遠 画質 どっちがいい,comparison,0.0,1.0,0.0,0.0,1.0,0.07,0.08,0.05,0.03,0.03,0.05,0.0744,230.6,jev-1.13.0,1084,150
Q0352,インクカートリッジ 比較,comparison,0.01,0.99,0.0,0.0,0.99,0.04,0.02,0.03,0.02,0.95,0.03,0.0192,256.3,jev-1.13.0,1076,150
Q0353,CANON 24-105mm f4 L 値段,transactional,0.0,0.0,1.0,0.0,1.0,0.02,0.05,0.85,0.89,0.03,0.89,0.049,209.6,jev-1.13.0,1080,152
Q0354,NIKON キヤノン Z6 III 最安値,transactional,0.0,0.0,1.0,0.0,1.0,0.96,0.89,0.95,0.22,0.03,0.95,0.0356,258.4,jev-1.13.0,1078,152
Q0355,nikon Sony Z 50mm f1.8 中古,transactional,0.0,0.01,0.99,0.0,0.98,0.76,0.36,0.92,0.7,0.04,0.92,0.0864,226.0,jev-1.13.0,1078,152
Q0356,ニコン Sony zfc キャンペーン,comparison,0.37,0.41,0.14,0.08,0.21,0.97,0.18,0.93,0.8,0.11,0.93,0.0054,232.6,jev-1.13.0,1076,150
Q0357,キヤノン サポート,navigational,0.0,0.0,0.0,1.0,0.99,0.02,0.02,0.95,0.05,0.08,0.95,0.0196,225.5,jev-1.13.0,1072,153
Q0358,Z6III 設定方法,informational,1.0,0.0,0.0,0.0,1.0,0.05,0.92,0.02,0.02,0.04,0.02,0.874,291.2,jev-1.13.0,1072,153
Q0359,nikon Zf どっちがいい Sony 50mm f1.8 FE,comparison,0.0,1.0,0.0,0.0,1.0,0.58,0.94,0.79,0.9,0.03,0.9,0.3948,209.9,jev-1.13.0,1084,150
Q0360,zf 評判 初心者向け,informational,0.98,0.02,0.0,0.0,0.97,0.08,0.64,0.03,0.04,0.07,0.04,0.5888,287.4,jev-1.13.0,1075,153
Q0361,α1マーク2 SONY ニコン vs,comparison,0.0,1.0,0.0,0.0,1.0,0.96,0.07,0.91,0.95,0.03,0.95,0.0028,271.1,jev-1.13.0,1076,150
Q0362,Sony キヤノン アルファ6700 初心者,comparison,0.05,0.95,0.0,0.0,0.93,0.02,0.07,0.96,0.9,0.05,0.96,0.0686,236.6,jev-1.13.0,1083,150
Q0363,キヤノン R5II 特徴,informational,0.99,0.01,0.0,0.0,0.99,0.02,0.05,0.94,0.93,0.04,0.94,0.049,291.1,jev-1.13.0,1073,153
Q0364,Canon EOS R6 Mark II 中古,transactional,0.0,0.0,1.0,0.0,1.0,0.02,0.04,0.81,0.92,0.04,0.92,0.0392,284.7,jev-1.13.0,1072,152
Q0365,Z 9 評判 初心者向け,informational,0.98,0.02,0.0,0.0,0.97,0.09,0.95,0.02,0.03,0.04,0.03,0.8645,260.3,jev-1.13.0,1077,153
Q0366,キヤノン R6 Mark II 中古 予約,transactional,0.0,0.0,1.0,0.0,1.0,0.02,0.04,0.95,0.93,0.03,0.95,0.0392,269.9,jev-1.13.0,1077,152
Q0367,ニコン Z5II と アルファ α7CII どちらを選ぶべき,comparison,0.0,1.0,0.0,0.0,1.0,0.97,0.97,0.2,0.92,0.03,0.92,0.0291,347.5,jev-1.13.0,1088,150
Q0368,Z50 II ニコン sony 違い,comparison,0.0,1.0,0.0,0.0,1.0,0.94,0.95,0.92,0.09,0.03,0.92,0.057,263.8,jev-1.13.0,1076,150
Q0369,Nikon NIKKOR Z 40mm F2 特徴,informational,1.0,0.0,0.0,0.0,1.0,0.87,0.96,0.03,0.02,0.03,0.03,0.1248,283.8,jev-1.13.0,1079,153
Q0370,ニコン zfc 比較 おすすめ サポート,comparison,0.0,1.0,0.0,0.0,0.99,0.98,0.95,0.04,0.03,0.03,0.04,0.019,200.0,jev-1.13.0,1082,150
Q0371,Z50II 下取り 店舗,transactional,0.0,0.0,0.95,0.05,0.93,0.11,0.82,0.03,0.03,0.04,0.03,0.7298,284.4,jev-1.13.0,1075,152
Q0372,Sony zve10 ii とは,informational,1.0,0.0,0.0,0.0,1.0,0.03,0.04,0.84,0.92,0.04,0.92,0.0388,260.1,jev-1.13.0,1071,153
Q0373,キヤノン sony どちらを選ぶべき,comparison,0.0,1.0,0.0,0.0,1.0,0.03,0.02,0.96,0.05,0.03,0.96,0.0194,206.7,jev-1.13.0,1077,150
Q0374,Z30 通販 問い合わせ,transactional,0.0,0.0,0.9,0.1,0.86,0.09,0.95,0.02,0.02,0.05,0.02,0.8645,224.7,jev-1.13.0,1076,152
Q0375,Nikon カメラ 作例,informational,0.99,0.0,0.0,0.01,0.98,0.97,0.05,0.06,0.03,0.05,0.06,0.0015,305.5,jev-1.13.0,1072,153
Q0376,NIKON カメラ 使い方,informational,1.0,0.0,0.0,0.0,1.0,0.97,0.04,0.03,0.02,0.04,0.03,0.0012,307.8,jev-1.13.0,1074,153
Q0377,sony カメラ 使い方,informational,1.0,0.0,0.0,0.0,1.0,0.02,0.02,0.94,0.07,0.04,0.94,0.0196,273.6,jev-1.13.0,1072,153
Q0378,ワイヤレスイヤホン とは,informational,1.0,0.0,0.0,0.0,1.0,0.03,0.02,0.02,0.02,0.97,0.02,0.0194,250.3,jev-1.13.0,1075,153
Q0379,zf 登録,informational,0.42,0.0,0.19,0.39,0.23,0.1,0.55,0.03,0.04,0.18,0.04,0.495,280.3,jev-1.13.0,1068,153
Q0380,アルファ CANON a7 IV レビュー,informational,0.93,0.07,0.0,0.0,0.9,0.02,0.04,0.89,0.95,0.04,0.95,0.0392,217.7,jev-1.13.0,1077,153
Q0381,アルファ FE 24-70mm F2.8 GM II と nikon 24-120mm f4 S 比較 おすすめ,comparison,0.0,1.0,0.0,0.0,1.0,0.92,0.79,0.26,0.93,0.03,0.93,0.0632,298.3,jev-1.13.0,1104,150
Q0382,nikon ワイヤレスイヤホン,informational,0.58,0.01,0.35,0.06,0.44,0.92,0.04,0.04,0.02,0.96,0.04,0.0032,365.9,jev-1.13.0,1075,153
Q0383,zf 作例 初心者向け,informational,1.0,0.0,0.0,0.0,0.99,0.08,0.58,0.03,0.04,0.07,0.04,0.5336,252.1,jev-1.13.0,1074,153
Q0384,SONY a7r5 設定方法,informational,1.0,0.0,0.0,0.0,1.0,0.02,0.04,0.91,0.96,0.04,0.96,0.0392,222.3,jev-1.13.0,1075,153
Q0385,Z 24-120mm f4 セール,transactional,0.0,0.0,1.0,0.0,1.0,0.07,0.93,0.02,0.03,0.03,0.03,0.8649,328.5,jev-1.13.0,1078,152
Q0386,Z 180-600mm 下取り,transactional,0.01,0.0,0.99,0.0,0.99,0.13,0.92,0.03,0.03,0.05,0.03,0.8004,200.3,jev-1.13.0,1077,152
Q0387,NIKKOR Z 24-120mm f/4 S 初心者 初心者向け,informational,0.92,0.05,0.03,0.0,0.9,0.13,0.96,0.04,0.03,0.03,0.04,0.8352,308.7,jev-1.13.0,1092,153
Q0388,CANON R10 特徴,informational,0.99,0.01,0.0,0.0,0.99,0.02,0.06,0.87,0.91,0.04,0.91,0.0588,314.1,jev-1.13.0,1071,153
Q0389,CANON RF 100-500mm と アルファ アルファ7マーク4 比較 おすすめ,comparison,0.0,1.0,0.0,0.0,1.0,0.03,0.05,0.86,0.94,0.04,0.94,0.0485,283.0,jev-1.13.0,1100,150
Q0390,R8 キヤノン SONY 比較,comparison,0.0,1.0,0.0,0.0,1.0,0.06,0.46,0.97,0.49,0.04,0.97,0.4324,198.5,jev-1.13.0,1076,150
Q0391,Nikon アルファ Z 30 値段,transactional,0.0,0.0,1.0,0.0,1.0,0.91,0.94,0.03,0.03,0.03,0.03,0.0846,301.9,jev-1.13.0,1078,152
Q0392,Z 30 口コミ 比較 おすすめ,comparison,0.0,1.0,0.0,0.0,0.99,0.08,0.91,0.04,0.03,0.03,0.04,0.8372,237.5,jev-1.13.0,1080,150
Q0393,Canon 公式サイト,navigational,0.0,0.0,0.0,1.0,1.0,0.02,0.02,0.88,0.05,0.19,0.88,0.0196,239.6,jev-1.13.0,1070,153
Q0394,Z30 口コミ 最安値,transactional,0.0,0.0,1.0,0.0,1.0,0.06,0.93,0.03,0.03,0.03,0.03,0.8742,298.6,jev-1.13.0,1074,152
Q0395,Canon EOS R7 性能比較 ニコン z5ii,comparison,0.0,1.0,0.0,0.0,1.0,0.75,0.85,0.88,0.96,0.03,0.96,0.2125,276.8,jev-1.13.0,1080,150
Q0396,採用 とは,informational,1.0,0.0,0.0,0.0,0.99,0.07,0.02,0.03,0.03,0.92,0.03,0.0186,247.5,jev-1.13.0,1068,153
Q0397,株価 最安値,transactional,0.01,0.0,0.98,0.01,0.98,0.13,0.02,0.03,0.02,0.94,0.03,0.0174,287.0,jev-1.13.0,1069,152
Q0398,NIKON z50ii 下取り 予約,transactional,0.0,0.0,0.99,0.01,0.98,0.9,0.82,0.03,0.02,0.04,0.03,0.082,214.3,jev-1.13.0,1077,152
Q0399,r6 mark2 CANON NIKON 比較,comparison,0.0,1.0,0.0,0.0,1.0,0.89,0.13,0.87,0.91,0.03,0.91,0.0143,199.7,jev-1.13.0,1076,150
Q0400,Nikon Z5 II 登録,navigational,0.15,0.0,0.33,0.52,0.36,0.6,0.93,0.03,0.02,0.06,0.03,0.372,183.1,jev-1.13.0,1072,153
Q0401,NIKON Z 8 スペック どこで 通販,transactional,0.0,0.0,1.0,0.0,1.0,0.96,0.94,0.04,0.02,0.03,0.04,0.0376,262.6,jev-1.13.0,1081,152
Q0402,canon ワイヤレスイヤホン,transactional,0.42,0.04,0.5,0.04,0.33,0.02,0.02,0.92,0.11,0.96,0.92,0.0196,222.0,jev-1.13.0,1074,152
Q0403,canon カメラ とは,informational,1.0,0.0,0.0,0.0,1.0,0.03,0.03,0.91,0.07,0.08,0.91,0.0291,228.9,jev-1.13.0,1071,153
Q0404,キヤノン R7 公式サイト,navigational,0.0,0.0,0.0,1.0,1.0,0.02,0.04,0.95,0.93,0.05,0.95,0.0392,253.8,jev-1.13.0,1075,153
Q0405,nikon Z50 2 違い アルファ アルファ7Rマーク5,comparison,0.0,1.0,0.0,0.0,1.0,0.48,0.9,0.19,0.7,0.03,0.7,0.468,223.0,jev-1.13.0,1090,150
Q0406,CANON α 違い,comparison,0.01,0.99,0.0,0.0,0.99,0.04,0.06,0.78,0.33,0.09,0.78,0.0576,212.0,jev-1.13.0,1070,150
Q0407,ニコン 40mm f2 単焦点 ログイン,navigational,0.0,0.0,0.01,0.99,0.98,0.98,0.78,0.03,0.02,0.06,0.03,0.0156,240.3,jev-1.13.0,1082,153
Q0408,キヤノン ニコン 比較 おすすめ,comparison,0.0,1.0,0.0,0.0,1.0,0.95,0.05,0.94,0.13,0.03,0.94,0.0025,228.4,jev-1.13.0,1080,150
Q0409,Sony α6700 在庫 予約,transactional,0.0,0.0,1.0,0.0,1.0,0.02,0.03,0.91,0.96,0.04,0.96,0.0294,209.0,jev-1.13.0,1076,152
Q0410,nikon 180-600mm 望遠 特徴,informational,1.0,0.0,0.0,0.0,1.0,0.9,0.76,0.03,0.02,0.03,0.03,0.076,313.7,jev-1.13.0,1080,153
Q0411,Z5 II 価格 楽天,transactional,0.0,0.0,1.0,0.0,1.0,0.09,0.87,0.03,0.02,0.04,0.03,0.7917,272.3,jev-1.13.0,1073,152
Q0412,R50 最安値 取扱説明書,transactional,0.03,0.0,0.97,0.0,0.96,0.08,0.39,0.04,0.34,0.08,0.34,0.3588,298.1,jev-1.13.0,1076,152
Q0413,Z50II 評判 まとめ,informational,0.99,0.01,0.0,0.0,0.99,0.06,0.91,0.03,0.03,0.04,0.03,0.8554,234.6,jev-1.13.0,1075,153
Q0414,NIKON Z 24-120mm f4 中古 どこで 公式サイト,transactional,0.0,0.0,0.76,0.24,0.68,0.97,0.96,0.04,0.02,0.03,0.04,0.0288,305.0,jev-1.13.0,1090,152
Q0415,NIKKOR Z 24-120mm f/4 S スペック セール,transactional,0.1,0.0,0.9,0.0,0.87,0.17,0.96,0.03,0.03,0.03,0.03,0.7968,349.9,jev-1.13.0,1089,152
Q0416,Z 50mm f1.8 下取り vs,comparison,0.01,0.85,0.14,0.0,0.8,0.15,0.88,0.05,0.04,0.04,0.05,0.748,337.8,jev-1.13.0,1077,150
Q0417,50mm f1.8 S 初心者 初心者向け,informational,0.93,0.03,0.04,0.0,0.91,0.11,0.83,0.02,0.03,0.03,0.03,0.7387,560.6,jev-1.13.0,1083,153
Q0418,nikon NIKKOR Z 180-600mm 性能比較 canon RF 100-500mm,comparison,0.0,1.0,0.0,0.0,1.0,0.46,0.9,0.64,0.92,0.03,0.92,0.486,294.6,jev-1.13.0,1096,150
Q0419,Nikon アルファ Z 40mm f2 とは,informational,1.0,0.0,0.0,0.0,1.0,0.94,0.9,0.03,0.03,0.04,0.03,0.054,229.3,jev-1.13.0,1080,153
Q0420,nikon カメラ 画質,informational,0.96,0.04,0.0,0.0,0.94,0.9,0.04,0.04,0.02,0.04,0.04,0.004,289.4,jev-1.13.0,1072,153
Q0421,Z 50mm f1.8 値段 店舗,transactional,0.0,0.0,1.0,0.0,1.0,0.09,0.88,0.03,0.03,0.03,0.03,0.8008,205.7,jev-1.13.0,1080,152
Q0422,ZV-E10 II 下取り 公式サイト,navigational,0.0,0.0,0.21,0.79,0.72,0.12,0.95,0.03,0.02,0.04,0.03,0.836,343.7,jev-1.13.0,1079,153
Q0423,nikon 180-600mm 望遠 設定方法 どこで 値段,informational,0.75,0.0,0.25,0.0,0.67,0.76,0.8,0.04,0.02,0.04,0.04,0.192,283.8,jev-1.13.0,1091,153
Q0424,NIKON カメラ とは,informational,1.0,0.0,0.0,0.0,1.0,0.97,0.05,0.04,0.02,0.09,0.04,0.0015,390.4,jev-1.13.0,1073,153
Q0425,アルファ アルファ9 III と Canon R1 比較,comparison,0.0,1.0,0.0,0.0,1.0,0.04,0.07,0.68,0.88,0.04,0.88,0.0672,219.9,jev-1.13.0,1082,150
Q0426,NIKKOR Z 24-120 F4 S nikon ソニー どちらを選ぶべき,comparison,0.0,1.0,0.0,0.0,1.0,0.86,0.96,0.87,0.06,0.03,0.87,0.1344,257.5,jev-1.13.0,1093,150
Q0427,50mm f1.8 FE sony Canon どちらを選ぶべき,comparison,0.0,1.0,0.0,0.0,1.0,0.1,0.06,0.95,0.5,0.03,0.95,0.054,332.6,jev-1.13.0,1082,150
Q0428,180-600mm 望遠 使い方 初心者向け,informational,1.0,0.0,0.0,0.0,1.0,0.07,0.12,0.03,0.02,0.03,0.03,0.1116,273.8,jev-1.13.0,1085,153
Q0429,EOS R1 canon ソニー 違い,comparison,0.0,1.0,0.0,0.0,1.0,0.04,0.05,0.93,0.95,0.05,0.95,0.048,233.5,jev-1.13.0,1075,150
Q0430,nikon アルファ 違い,comparison,0.18,0.82,0.0,0.0,0.75,0.56,0.46,0.05,0.05,0.07,0.05,0.2024,319.6,jev-1.13.0,1074,150
Q0431,z50ii 口コミ 初心者向け,informational,0.93,0.07,0.0,0.0,0.9,0.09,0.86,0.03,0.03,0.04,0.03,0.7826,306.0,jev-1.13.0,1078,153
Q0432,α 24-70 GMII 最安値 予約,transactional,0.0,0.0,1.0,0.0,1.0,0.03,0.06,0.26,0.77,0.05,0.77,0.0582,300.3,jev-1.13.0,1079,152
Q0433,nikon Z5 2 作例,informational,1.0,0.0,0.0,0.0,0.99,0.45,0.94,0.03,0.03,0.04,0.03,0.517,230.6,jev-1.13.0,1072,153
Q0434,Nikon Z f 使い方 どこで 性能比較,informational,0.92,0.08,0.0,0.0,0.9,0.82,0.94,0.05,0.03,0.03,0.05,0.1692,220.2,jev-1.13.0,1081,153
Q0435,nikon Z50 II 在庫,transactional,0.0,0.0,1.0,0.0,1.0,0.35,0.93,0.03,0.02,0.04,0.03,0.6045,295.1,jev-1.13.0,1073,152
Q0436,zf 最安値 予約,transactional,0.0,0.0,1.0,0.0,1.0,0.07,0.62,0.03,0.04,0.07,0.04,0.5766,227.9,jev-1.13.0,1071,152
Q0437,ニコン zf 購入 予約,transactional,0.0,0.0,1.0,0.0,1.0,0.98,0.95,0.02,0.02,0.03,0.02,0.019,228.1,jev-1.13.0,1075,152
Q0438,α FE 50mm F1.8 使い方,informational,1.0,0.0,0.0,0.0,1.0,0.02,0.06,0.2,0.88,0.04,0.88,0.0588,225.2,jev-1.13.0,1077,153
Q0439,ニコン z8 下取り 予約,transactional,0.0,0.0,0.99,0.01,0.98,0.98,0.97,0.03,0.03,0.04,0.03,0.0194,310.2,jev-1.13.0,1075,152
Q0440,ニコン アルファ zfc 在庫,transactional,0.0,0.0,1.0,0.0,1.0,0.98,0.93,0.02,0.02,0.04,0.02,0.0186,244.3,jev-1.13.0,1077,152
Q0441,SONY ZV-E10 II セール,transactional,0.0,0.0,1.0,0.0,1.0,0.02,0.04,0.91,0.93,0.04,0.93,0.0392,177.3,jev-1.13.0,1075,152
Q0442,Z5 2 使い方 性能比較,informational,0.71,0.29,0.0,0.0,0.61,0.06,0.88,0.05,0.04,0.04,0.05,0.8272,211.3,jev-1.13.0,1077,153
Q0443,z6iii スペック まとめ,informational,1.0,0.0,0.0,0.0,1.0,0.06,0.91,0.03,0.03,0.04,0.03,0.8554,249.1,jev-1.13.0,1075,153
Q0444,α1 II スペック 初心者向け,informational,0.98,0.02,0.0,0.0,0.97,0.04,0.05,0.12,0.86,0.06,0.86,0.048,244.2,jev-1.13.0,1078,153
Q0445,NIKKOR 180-600 使い方 初心者向け,informational,1.0,0.0,0.0,0.0,1.0,0.09,0.93,0.03,0.02,0.03,0.03,0.8463,276.9,jev-1.13.0,1086,153
Q0446,Z8 登録,navigational,0.23,0.0,0.26,0.51,0.34,0.1,0.94,0.02,0.03,0.07,0.03,0.846,265.1,jev-1.13.0,1069,153
Q0447,50mm f1.8 FE レビュー,informational,0.99,0.01,0.0,0.0,0.99,0.03,0.07,0.17,0.36,0.05,0.36,0.0679,228.2,jev-1.13.0,1076,153
Q0448,ソニー α9 III レビュー 価格,transactional,0.07,0.05,0.88,0.0,0.84,0.03,0.04,0.96,0.94,0.04,0.96,0.0388,227.6,jev-1.13.0,1077,152
Q0449,RF50mm F1.8 STM キャンペーン 店舗,transactional,0.0,0.0,0.77,0.23,0.68,0.03,0.06,0.11,0.75,0.11,0.75,0.0582,229.0,jev-1.13.0,1083,152
Q0450,NIKKOR Z 50mm F1.8 とは 初心者向け,informational,1.0,0.0,0.0,0.0,1.0,0.17,0.92,0.03,0.02,0.04,0.03,0.7636,285.9,jev-1.13.0,1086,153
Q0451,Sony FE 24-70mm F2.8 GM II 下取り amazon,transactional,0.0,0.0,1.0,0.0,0.99,0.03,0.05,0.86,0.95,0.04,0.95,0.0485,284.6,jev-1.13.0,1083,152
Q0452,Z50 II 使い方 まとめ,informational,1.0,0.0,0.0,0.0,1.0,0.05,0.93,0.02,0.02,0.03,0.02,0.8835,253.0,jev-1.13.0,1075,153
Q0453,a7c2 sony Canon どちらを選ぶべき,comparison,0.0,1.0,0.0,0.0,1.0,0.04,0.05,0.92,0.95,0.04,0.95,0.048,383.5,jev-1.13.0,1078,150
Q0454,α7R V キャンペーン 楽天,transactional,0.0,0.0,0.98,0.02,0.97,0.03,0.09,0.32,0.86,0.07,0.86,0.0873,237.1,jev-1.13.0,1078,152
Q0455,テレビ 最安値,transactional,0.0,0.0,1.0,0.0,1.0,0.03,0.02,0.02,0.02,0.96,0.02,0.0194,210.3,jev-1.13.0,1068,152
Q0456,会社説明会 おすすめ,informational,0.48,0.17,0.04,0.31,0.32,0.21,0.02,0.03,0.02,0.83,0.03,0.0158,256.4,jev-1.13.0,1073,153
Q0457,Sony α7R V 最安値,transactional,0.0,0.0,1.0,0.0,1.0,0.02,0.04,0.87,0.96,0.03,0.96,0.0392,306.2,jev-1.13.0,1072,152
Q0458,Z5II 口コミ まとめ,informational,0.97,0.03,0.0,0.0,0.96,0.08,0.89,0.03,0.02,0.04,0.03,0.8188,324.4,jev-1.13.0,1074,153
Q0459,アルファ α9 III 比較 おすすめ CANON RF100-500 望遠,comparison,0.0,1.0,0.0,0.0,1.0,0.06,0.11,0.55,0.85,0.04,0.85,0.1034,283.6,jev-1.13.0,1092,150
Q0460,nikon Z5II 比較 おすすめ どこで 下取り,comparison,0.0,0.88,0.12,0.0,0.83,0.39,0.89,0.06,0.03,0.04,0.06,0.5429,286.3,jev-1.13.0,1085,150
Q0461,Z 30 在庫,transactional,0.0,0.0,1.0,0.0,1.0,0.08,0.94,0.02,0.02,0.03,0.02,0.8648,271.4,jev-1.13.0,1071,152
Q0462,Z5 II 通販 楽天,transactional,0.0,0.0,1.0,0.0,1.0,0.09,0.91,0.03,0.03,0.03,0.03,0.8281,238.0,jev-1.13.0,1073,152
Q0463,Z 40mm f2 使い方 初心者向け,informational,1.0,0.0,0.0,0.0,1.0,0.09,0.93,0.02,0.02,0.03,0.02,0.8463,243.6,jev-1.13.0,1081,153
Q0464,nikon Z 30 価格 予約,transactional,0.0,0.0,1.0,0.0,1.0,0.4,0.94,0.03,0.02,0.03,0.03,0.564,240.5,jev-1.13.0,1075,152
Q0465,CANON eos r8 と Sony a7 IV どっちがいい,comparison,0.0,1.0,0.0,0.0,1.0,0.02,0.04,0.87,0.97,0.03,0.97,0.0392,270.7,jev-1.13.0,1080,150
Q0466,Nikon NIKKOR Z 24-120mm f/4 S 評判 どこで 値段,transactional,0.01,0.0,0.99,0.0,0.98,0.66,0.91,0.04,0.02,0.03,0.04,0.3094,266.1,jev-1.13.0,1094,152
Q0467,z30 ダウンロード ダウンロード,navigational,0.34,0.0,0.18,0.48,0.31,0.06,0.89,0.02,0.03,0.09,0.03,0.8366,227.8,jev-1.13.0,1080,153
Q0468,Z50 II 最安値 楽天,transactional,0.0,0.0,1.0,0.0,1.0,0.08,0.87,0.03,0.02,0.03,0.03,0.8004,218.1,jev-1.13.0,1075,152
Q0469,Canon R5II 登録,transactional,0.17,0.01,0.44,0.38,0.26,0.02,0.04,0.83,0.93,0.07,0.93,0.0392,409.9,jev-1.13.0,1071,152
Q0470,Z f スペック まとめ,informational,1.0,0.0,0.0,0.0,1.0,0.09,0.93,0.03,0.03,0.04,0.03,0.8463,242.7,jev-1.13.0,1074,153
Q0471,NIKON Zfc 比較 おすすめ 最安値,comparison,0.0,0.51,0.49,0.0,0.35,0.88,0.91,0.06,0.04,0.04,0.06,0.1092,193.4,jev-1.13.0,1081,150
Q0472,α a1ii と NIKON Zf 違い,comparison,0.0,1.0,0.0,0.0,1.0,0.89,0.91,0.13,0.84,0.03,0.84,0.1001,206.8,jev-1.13.0,1077,150
Q0473,z8 最安値 店舗,transactional,0.0,0.0,1.0,0.0,1.0,0.05,0.92,0.03,0.03,0.03,0.03,0.874,212.4,jev-1.13.0,1073,152
Q0474,z50ii 中古 店舗,transactional,0.0,0.0,0.99,0.01,0.99,0.08,0.81,0.03,0.03,0.04,0.03,0.7452,208.4,jev-1.13.0,1074,152
Q0475,Z6 III 在庫 店舗,transactional,0.0,0.0,1.0,0.0,1.0,0.1,0.94,0.03,0.02,0.04,0.03,0.846,275.1,jev-1.13.0,1074,152
Q0476,ニコン Z5 II 画質,informational,1.0,0.0,0.0,0.0,0.99,0.98,0.95,0.03,0.02,0.03,0.03,0.019,219.2,jev-1.13.0,1072,153
Q0477,NIKON 公式サイト,navigational,0.0,0.0,0.0,1.0,1.0,0.97,0.03,0.04,0.02,0.17,0.04,0.0009,262.7,jev-1.13.0,1072,153
Q0478,Nikon Z fc 最安値 予約,transactional,0.0,0.0,1.0,0.0,1.0,0.55,0.94,0.04,0.02,0.03,0.04,0.423,212.7,jev-1.13.0,1074,152
Q0479,z5ii スペック,informational,1.0,0.0,0.0,0.0,1.0,0.05,0.89,0.03,0.03,0.04,0.03,0.8455,239.3,jev-1.13.0,1071,153
Q0480,決算 最安値,transactional,0.0,0.0,0.99,0.01,0.98,0.33,0.03,0.03,0.02,0.71,0.03,0.0201,524.2,jev-1.13.0,1069,152
Q0481,NIKKOR Z 50mm F1.8 初心者 まとめ,informational,0.99,0.01,0.0,0.0,0.98,0.14,0.94,0.03,0.02,0.03,0.03,0.8084,227.1,jev-1.13.0,1085,153
Q0482,Z5 II 評判,informational,0.99,0.01,0.0,0.0,0.99,0.06,0.93,0.02,0.02,0.03,0.02,0.8742,259.7,jev-1.13.0,1070,153
Q0483,nikon CANON NIKKOR Z 40mm f/2 購入,transactional,0.0,0.0,1.0,0.0,1.0,0.55,0.95,0.92,0.1,0.03,0.92,0.4275,235.2,jev-1.13.0,1083,152
Q0484,キヤノン R10 登録,navigational,0.26,0.01,0.27,0.46,0.27,0.02,0.04,0.95,0.93,0.06,0.95,0.0392,269.1,jev-1.13.0,1074,153
Q0485,Nikon Z 180-600mm キャンペーン,transactional,0.26,0.0,0.65,0.09,0.53,0.88,0.95,0.04,0.02,0.04,0.04,0.114,236.3,jev-1.13.0,1082,152
Q0486,nikon カメラ 評判,informational,0.92,0.08,0.0,0.0,0.9,0.88,0.04,0.04,0.03,0.04,0.04,0.0048,227.6,jev-1.13.0,1073,153
Q0487,nikon CANON zf どちらを選ぶべき,comparison,0.0,1.0,0.0,0.0,1.0,0.49,0.49,0.89,0.55,0.04,0.89,0.2499,226.5,jev-1.13.0,1078,150
Q0488,z30 初心者 まとめ,informational,1.0,0.0,0.0,0.0,1.0,0.06,0.91,0.02,0.04,0.04,0.04,0.8554,261.6,jev-1.13.0,1075,153
Q0489,180-600mm 望遠 ダウンロード 性能比較,comparison,0.05,0.94,0.0,0.01,0.92,0.07,0.12,0.04,0.04,0.04,0.04,0.1116,217.3,jev-1.13.0,1087,150
Q0490,Nikon ニコンZf とは,informational,1.0,0.0,0.0,0.0,1.0,0.97,0.96,0.06,0.03,0.04,0.06,0.0288,209.8,jev-1.13.0,1074,153
Q0491,nikon NIKKOR Z 40mm f/2 最安値 予約,transactional,0.0,0.0,1.0,0.0,1.0,0.34,0.93,0.03,0.02,0.03,0.03,0.6138,212.6,jev-1.13.0,1084,152
Q0492,NIKON 採用,informational,0.67,0.06,0.02,0.25,0.55,0.97,0.06,0.06,0.03,0.9,0.06,0.0018,190.4,jev-1.13.0,1070,153
Q0493,Nikon アルファ どちらを選ぶべき,comparison,0.01,0.98,0.0,0.01,0.98,0.67,0.3,0.08,0.08,0.05,0.08,0.099,276.2,jev-1.13.0,1079,150
Q0494,株価 おすすめ,comparison,0.34,0.49,0.17,0.0,0.31,0.17,0.02,0.04,0.03,0.93,0.04,0.0166,221.0,jev-1.13.0,1070,150
Q0495,ニコン z8 評判,informational,1.0,0.0,0.0,0.0,0.99,0.98,0.97,0.02,0.02,0.04,0.02,0.0194,193.8,jev-1.13.0,1072,153
Q0496,キヤノンR1 画質,informational,0.94,0.06,0.0,0.0,0.93,0.02,0.04,0.94,0.91,0.05,0.94,0.0392,195.2,jev-1.13.0,1072,153
Q0497,ニコン sony Zfc 問い合わせ,comparison,0.09,0.59,0.11,0.21,0.47,0.97,0.19,0.92,0.78,0.08,0.92,0.0057,273.0,jev-1.13.0,1076,150
Q0498,200-600mm G望遠 ソニー NIKON 違い,comparison,0.0,1.0,0.0,0.0,1.0,0.97,0.5,0.89,0.52,0.04,0.89,0.015,304.7,jev-1.13.0,1085,150
Q0499,nikon Z50II セール,transactional,0.0,0.0,1.0,0.0,1.0,0.28,0.92,0.03,0.02,0.03,0.03,0.6624,191.2,jev-1.13.0,1073,152
Q0500,ニコン NIKKOR Z 50mm f/1.8 S と canon RF50 1.8 STM どっちがいい,comparison,0.0,1.0,0.0,0.0,1.0,0.96,0.96,0.74,0.96,0.03,0.96,0.0384,244.4,jev-1.13.0,1098,150
Q0501,アルファ ZV-E10 II どっちがいい nikon Z5II,comparison,0.0,1.0,0.0,0.0,1.0,0.5,0.89,0.19,0.91,0.03,0.91,0.445,250.3,jev-1.13.0,1085,150
Q0502,NIKKOR Z 180-600mm 問い合わせ ダウンロード,informational,0.47,0.0,0.08,0.45,0.28,0.3,0.95,0.03,0.02,0.04,0.03,0.665,208.8,jev-1.13.0,1091,153
Q0503,Zfc レビュー,informational,1.0,0.0,0.0,0.0,0.99,0.06,0.94,0.03,0.02,0.04,0.03,0.8836,213.8,jev-1.13.0,1070,153
Q0504,ソニー カメラ 初心者,informational,0.74,0.19,0.06,0.01,0.66,0.02,0.02,0.96,0.1,0.04,0.96,0.0196,253.6,jev-1.13.0,1075,153
Q0505,eos r1 キヤノン NIKON vs,comparison,0.0,1.0,0.0,0.0,1.0,0.96,0.07,0.92,0.95,0.04,0.95,0.0028,269.8,jev-1.13.0,1076,150
Q0506,Z6III 使い方,informational,1.0,0.0,0.0,0.0,1.0,0.05,0.93,0.02,0.02,0.03,0.02,0.8835,246.6,jev-1.13.0,1070,153
Q0507,canon ソニー 違い,comparison,0.0,1.0,0.0,0.0,1.0,0.03,0.03,0.94,0.07,0.05,0.94,0.0291,348.8,jev-1.13.0,1072,150
Q0508,Z5II 設定方法,informational,1.0,0.0,0.0,0.0,1.0,0.05,0.91,0.02,0.02,0.04,0.02,0.8645,283.9,jev-1.13.0,1072,153
Q0509,スマートフォン とは,informational,1.0,0.0,0.0,0.0,1.0,0.03,0.02,0.02,0.02,0.82,0.02,0.0194,352.9,jev-1.13.0,1073,153
Q0510,canon RF50mm F1.8 STM 特徴,informational,0.99,0.01,0.0,0.0,0.99,0.02,0.05,0.84,0.91,0.04,0.91,0.049,284.6,jev-1.13.0,1076,153
Q0511,Nikon Z 30 下取り 予約,transactional,0.0,0.0,0.99,0.01,0.98,0.75,0.97,0.03,0.02,0.04,0.03,0.2425,255.3,jev-1.13.0,1076,152
Q0512,キヤノン Nikon どちらを選ぶべき,comparison,0.0,1.0,0.0,0.0,1.0,0.94,0.05,0.94,0.08,0.03,0.94,0.003,282.8,jev-1.13.0,1077,150
Q0513,Z 40mm f2 レビュー,informational,1.0,0.0,0.0,0.0,1.0,0.06,0.95,0.03,0.02,0.03,0.03,0.893,310.5,jev-1.13.0,1075,153
Q0514,Z fc Nikon キヤノン どちらを選ぶべき,comparison,0.0,1.0,0.0,0.0,1.0,0.88,0.95,0.96,0.16,0.03,0.96,0.114,263.2,jev-1.13.0,1080,150
Q0515,NIKON ニコンZf と canon R6 Mark II どちらを選ぶべき,comparison,0.0,1.0,0.0,0.0,1.0,0.98,0.96,0.76,0.94,0.03,0.94,0.0192,206.5,jev-1.13.0,1087,150
Q0516,Z6 mark3 キャンペーン 楽天,transactional,0.0,0.0,0.99,0.01,0.98,0.14,0.93,0.04,0.03,0.05,0.04,0.7998,286.6,jev-1.13.0,1078,152
Q0517,Nikon canon Z50II vs,comparison,0.0,1.0,0.0,0.0,1.0,0.51,0.58,0.78,0.45,0.04,0.78,0.2842,200.7,jev-1.13.0,1071,150
Q0518,Nikon カメラ 口コミ,informational,0.92,0.08,0.0,0.0,0.89,0.97,0.04,0.05,0.03,0.04,0.05,0.0012,218.7,jev-1.13.0,1073,153
Q0519,Nikon ニコンZf 購入 予約,transactional,0.0,0.0,1.0,0.0,1.0,0.97,0.96,0.04,0.02,0.03,0.04,0.0288,242.2,jev-1.13.0,1078,152
Q0520,nikon Canon vs,comparison,0.0,1.0,0.0,0.0,1.0,0.45,0.04,0.82,0.13,0.04,0.82,0.022,290.5,jev-1.13.0,1067,150
Q0521,EOS R5 Mark II 使い方 初心者向け,informational,1.0,0.0,0.0,0.0,1.0,0.02,0.03,0.21,0.94,0.05,0.94,0.0294,242.9,jev-1.13.0,1079,153
Q0522,ニコン 180-600mm 望遠 特徴,informational,1.0,0.0,0.0,0.0,1.0,0.98,0.81,0.03,0.02,0.03,0.03,0.0162,293.3,jev-1.13.0,1081,153
Q0523,Nikon キヤノン 違い,comparison,0.0,1.0,0.0,0.0,1.0,0.95,0.08,0.94,0.09,0.04,0.94,0.004,273.3,jev-1.13.0,1074,150
Q0524,腕時計 最安値,transactional,0.0,0.0,1.0,0.0,1.0,0.06,0.02,0.03,0.02,0.97,0.03,0.0188,250.4,jev-1.13.0,1070,152
Q0525,ニコン Sony 違い,comparison,0.0,1.0,0.0,0.0,1.0,0.98,0.03,0.94,0.09,0.04,0.94,0.0006,255.9,jev-1.13.0,1071,150
Q0526,Canon ニコン 比較 おすすめ,comparison,0.0,1.0,0.0,0.0,1.0,0.96,0.05,0.94,0.11,0.03,0.94,0.002,328.5,jev-1.13.0,1077,150
Q0527,40mm f2 単焦点 通販 予約,transactional,0.0,0.0,1.0,0.0,1.0,0.06,0.09,0.03,0.03,0.03,0.03,0.0846,251.3,jev-1.13.0,1079,152
Q0528,Nikon Z6 III 価格,transactional,0.0,0.0,1.0,0.0,1.0,0.57,0.95,0.03,0.02,0.03,0.03,0.4085,363.9,jev-1.13.0,1071,152
Q0529,Sony α7C II vs nikon Zf,comparison,0.0,1.0,0.0,0.0,1.0,0.49,0.91,0.92,0.93,0.03,0.93,0.4641,281.7,jev-1.13.0,1073,150
Q0530,Nikon Z6 3 公式ストア,navigational,0.0,0.0,0.07,0.93,0.91,0.85,0.94,0.03,0.03,0.04,0.03,0.141,237.7,jev-1.13.0,1075,153
Q0531,ニコン カメラ 評判,informational,0.96,0.04,0.0,0.0,0.95,0.98,0.04,0.03,0.02,0.04,0.03,0.0008,279.2,jev-1.13.0,1074,153
Q0532,z5ii 初心者,informational,0.95,0.04,0.01,0.0,0.93,0.09,0.88,0.03,0.03,0.04,0.03,0.8008,237.5,jev-1.13.0,1071,153
Q0533,24-120mm f4 S 画質 初心者向け,informational,0.98,0.02,0.0,0.0,0.97,0.14,0.78,0.02,0.03,0.03,0.03,0.6708,240.2,jev-1.13.0,1083,153
Q0534,r5 mark2 通販 楽天,transactional,0.0,0.0,1.0,0.0,1.0,0.03,0.08,0.12,0.77,0.19,0.77,0.0776,295.6,jev-1.13.0,1074,152
Q0535,ソニー カスタマーサポート,navigational,0.0,0.0,0.0,1.0,1.0,0.02,0.02,0.97,0.06,0.09,0.97,0.0196,193.0,jev-1.13.0,1076,153
Q0536,プリンター おすすめ,comparison,0.01,0.99,0.0,0.0,0.99,0.04,0.02,0.03,0.02,0.97,0.03,0.0192,830.0,jev-1.13.0,1073,150
Q0537,Z50 II ログイン 画質,informational,0.62,0.0,0.0,0.38,0.48,0.11,0.87,0.03,0.03,0.06,0.03,0.7743,258.3,jev-1.13.0,1075,153
Q0538,Z 180-600mm 在庫 楽天,transactional,0.0,0.0,1.0,0.0,1.0,0.13,0.95,0.03,0.02,0.03,0.03,0.8265,221.7,jev-1.13.0,1081,152
Q0539,40mm f2 単焦点 設定方法,informational,1.0,0.0,0.0,0.0,1.0,0.07,0.09,0.03,0.02,0.04,0.03,0.0837,262.1,jev-1.13.0,1079,153
Q0540,ニコン canon 40mm f2 単焦点 中古,transactional,0.0,0.07,0.93,0.0,0.9,0.97,0.35,0.89,0.38,0.04,0.89,0.0105,268.7,jev-1.13.0,1081,152
Q0541,Z6 mark3 評判 まとめ,informational,1.0,0.0,0.0,0.0,0.99,0.05,0.93,0.03,0.03,0.04,0.03,0.8835,234.0,jev-1.13.0,1075,153
Q0542,sony α7R V 作例,informational,0.97,0.03,0.0,0.0,0.95,0.02,0.04,0.92,0.96,0.04,0.96,0.0392,616.4,jev-1.13.0,1071,153
Q0543,アルファ a9 III と ニコン Z8 どちらを選ぶべき,comparison,0.0,1.0,0.0,0.0,1.0,0.86,0.89,0.2,0.86,0.03,0.86,0.1246,186.7,jev-1.13.0,1086,150
Q0544,NIKKOR Z 24-120mm f/4 S ログイン,navigational,0.0,0.0,0.0,1.0,0.99,0.18,0.95,0.03,0.03,0.05,0.03,0.779,209.0,jev-1.13.0,1085,153
Q0545,ニコン zf と Sony a7RV どちらを選ぶべき,comparison,0.0,1.0,0.0,0.0,1.0,0.97,0.96,0.9,0.95,0.02,0.95,0.0288,289.6,jev-1.13.0,1082,150
Q0546,ニコン zfc サポート どこで レビュー,navigational,0.26,0.0,0.01,0.73,0.63,0.98,0.96,0.03,0.02,0.04,0.03,0.0192,234.4,jev-1.13.0,1082,153
Q0547,NIKON カメラ 初心者,informational,0.82,0.06,0.09,0.03,0.77,0.97,0.05,0.04,0.02,0.04,0.04,0.0015,233.6,jev-1.13.0,1075,153
Q0548,Sony 200-600mm G望遠 レビュー,informational,0.98,0.02,0.0,0.0,0.97,0.02,0.03,0.93,0.91,0.04,0.93,0.0294,248.2,jev-1.13.0,1081,153
Q0549,24-105mm f4 L キャンペーン 店舗,transactional,0.0,0.0,0.84,0.16,0.78,0.04,0.12,0.66,0.52,0.08,0.66,0.1152,281.3,jev-1.13.0,1084,152
Q0550,キヤノン EOS R8 価格 amazon,transactional,0.0,0.0,1.0,0.0,1.0,0.02,0.03,0.95,0.95,0.04,0.95,0.0294,196.8,jev-1.13.0,1074,152
Q0551,ソニー Nikon α7 IV 通販,transactional,0.0,0.0,1.0,0.0,1.0,0.94,0.96,0.96,0.48,0.04,0.96,0.0576,323.9,jev-1.13.0,1073,152
Q0552,Z30 レビュー まとめ,informational,1.0,0.0,0.0,0.0,0.99,0.06,0.91,0.03,0.03,0.04,0.03,0.8554,255.5,jev-1.13.0,1075,153
Q0553,SONY a6700 特徴,informational,0.99,0.01,0.0,0.0,0.99,0.02,0.04,0.93,0.95,0.04,0.95,0.0392,255.7,jev-1.13.0,1073,153
Q0554,α nikon α7C II 会員登録,navigational,0.02,0.0,0.09,0.89,0.85,0.89,0.74,0.16,0.64,0.06,0.64,0.0814,256.4,jev-1.13.0,1075,153
Q0555,アルファ α7RV 通販 どこで 修理,transactional,0.01,0.0,0.83,0.16,0.78,0.03,0.07,0.18,0.94,0.06,0.94,0.0679,312.9,jev-1.13.0,1080,152
Q0556,ニコン Z5 2 レビュー ダウンロード,informational,0.74,0.0,0.13,0.13,0.66,0.98,0.97,0.03,0.03,0.05,0.03,0.0194,199.0,jev-1.13.0,1082,153
Q0557,NIKON z5ii 特徴,informational,1.0,0.0,0.0,0.0,1.0,0.95,0.89,0.05,0.03,0.04,0.05,0.0445,240.3,jev-1.13.0,1072,153
Q0558,ニコン Z6 mark3 在庫,transactional,0.0,0.0,1.0,0.0,1.0,0.98,0.96,0.02,0.02,0.03,0.02,0.0192,212.2,jev-1.13.0,1074,152
Q0559,アルファ6700 購入 店舗,transactional,0.0,0.0,1.0,0.0,1.0,0.03,0.05,0.13,0.85,0.05,0.85,0.0485,336.8,jev-1.13.0,1079,152
Q0560,z8 Nikon ソニー どちらを選ぶべき,comparison,0.0,1.0,0.0,0.0,1.0,0.93,0.96,0.95,0.1,0.03,0.95,0.0672,236.2,jev-1.13.0,1079,150
Q0561,Canon RF100-500 望遠 比較 sony α7CII,comparison,0.0,1.0,0.0,0.0,1.0,0.04,0.06,0.91,0.93,0.03,0.93,0.0576,228.8,jev-1.13.0,1084,150
Q0562,R1 画質,informational,0.98,0.02,0.0,0.0,0.97,0.06,0.63,0.03,0.06,0.11,0.06,0.5922,285.6,jev-1.13.0,1068,153
Q0563,Nikon Z50II レビュー どこで 最安値,transactional,0.0,0.0,1.0,0.0,1.0,0.47,0.89,0.04,0.02,0.03,0.04,0.4717,306.4,jev-1.13.0,1082,152
Q0564,Z6 3 スペック,informational,1.0,0.0,0.0,0.0,1.0,0.05,0.89,0.03,0.03,0.04,0.03,0.8455,222.9,jev-1.13.0,1072,153
Q0565,Z f 評判 まとめ,informational,0.99,0.01,0.0,0.0,0.98,0.07,0.94,0.03,0.03,0.04,0.03,0.8742,255.6,jev-1.13.0,1073,153
Q0566,nikon zf 特徴,informational,1.0,0.0,0.0,0.0,1.0,0.5,0.91,0.03,0.02,0.04,0.03,0.455,282.2,jev-1.13.0,1070,153
Q0567,Nikon Z8 中古 予約,transactional,0.0,0.0,1.0,0.0,1.0,0.38,0.96,0.03,0.02,0.03,0.03,0.5952,346.9,jev-1.13.0,1073,152
Q0568,Z30 使い方 初心者向け,informational,1.0,0.0,0.0,0.0,1.0,0.05,0.94,0.02,0.02,0.03,0.02,0.893,275.0,jev-1.13.0,1077,153
Q0569,NIKON Z 50mm f1.8 中古 どこで 初心者,transactional,0.0,0.0,1.0,0.0,1.0,0.95,0.94,0.04,0.03,0.03,0.04,0.047,234.5,jev-1.13.0,1087,152
Q0570,α7RV α canon 比較,comparison,0.0,1.0,0.0,0.0,1.0,0.06,0.15,0.81,0.86,0.04,0.86,0.141,343.1,jev-1.13.0,1072,150
Q0571,キヤノン 公式サイト,navigational,0.0,0.0,0.0,1.0,1.0,0.02,0.02,0.96,0.07,0.18,0.96,0.0196,222.7,jev-1.13.0,1073,153
Q0572,Z5II 設定方法 初心者向け,informational,1.0,0.0,0.0,0.0,1.0,0.05,0.94,0.02,0.02,0.03,0.02,0.893,207.0,jev-1.13.0,1079,153
Q0573,アルファ α7IV と Canon eos r7 どっちがいい,comparison,0.0,1.0,0.0,0.0,1.0,0.03,0.11,0.7,0.93,0.03,0.93,0.1067,240.1,jev-1.13.0,1082,150
Q0574,24-120mm f4 S 価格 店舗,transactional,0.0,0.0,1.0,0.0,1.0,0.09,0.82,0.03,0.02,0.03,0.03,0.7462,195.4,jev-1.13.0,1080,152
Q0575,ソニー a6700 購入 予約,transactional,0.0,0.0,1.0,0.0,1.0,0.02,0.04,0.96,0.96,0.03,0.96,0.0392,230.3,jev-1.13.0,1078,152
Q0576,CANON R6II 特徴,informational,0.99,0.01,0.0,0.0,0.98,0.02,0.08,0.82,0.94,0.04,0.94,0.0784,245.0,jev-1.13.0,1071,153
Q0577,ニコンZ8 レビュー まとめ,informational,1.0,0.0,0.0,0.0,0.99,0.98,0.96,0.03,0.02,0.03,0.03,0.0192,230.5,jev-1.13.0,1077,153
Q0578,z9 ログイン,navigational,0.01,0.0,0.0,0.99,0.99,0.07,0.91,0.03,0.03,0.05,0.03,0.8463,283.7,jev-1.13.0,1070,153
Q0579,ソニー α7RV レビュー どっちがいい,comparison,0.0,1.0,0.0,0.0,1.0,0.05,0.05,0.94,0.96,0.03,0.96,0.0475,191.7,jev-1.13.0,1081,150
Q0580,Z8 ダウンロード,navigational,0.25,0.0,0.15,0.6,0.46,0.06,0.94,0.02,0.03,0.08,0.03,0.8836,201.5,jev-1.13.0,1072,153
Q0581,canon r6 mark2 評判 どこで 会員登録,navigational,0.35,0.02,0.13,0.5,0.34,0.02,0.05,0.92,0.96,0.05,0.96,0.049,277.7,jev-1.13.0,1081,153
Q0582,NIKON アルファ z50ii 修理,transactional,0.25,0.0,0.47,0.28,0.29,0.97,0.77,0.05,0.04,0.05,0.05,0.0231,222.3,jev-1.13.0,1078,152
Q0583,インクカートリッジ 最安値,transactional,0.0,0.0,1.0,0.0,1.0,0.04,0.02,0.03,0.02,0.95,0.03,0.0192,266.7,jev-1.13.0,1076,152
Q0584,NIKKOR 180-600 使い方 まとめ,informational,1.0,0.0,0.0,0.0,1.0,0.12,0.9,0.04,0.02,0.03,0.04,0.792,204.5,jev-1.13.0,1083,153
Q0585,eos r50 評判 初心者向け,informational,0.93,0.07,0.0,0.0,0.91,0.02,0.04,0.19,0.92,0.06,0.92,0.0392,227.1,jev-1.13.0,1079,153
Q0586,FE 200-600mm G ソニー ニコン 比較,comparison,0.0,1.0,0.0,0.0,1.0,0.97,0.09,0.92,0.93,0.04,0.93,0.0027,293.2,jev-1.13.0,1086,150
Q0587,α ワイヤレスイヤホン,informational,0.62,0.03,0.25,0.1,0.5,0.02,0.03,0.18,0.48,0.96,0.48,0.0294,319.7,jev-1.13.0,1074,153
Q0588,NIKON カメラ 評判,informational,0.95,0.05,0.0,0.0,0.94,0.97,0.05,0.04,0.03,0.04,0.04,0.0015,208.1,jev-1.13.0,1074,153
Q0589,ニコンZf レビュー 初心者向け,informational,1.0,0.0,0.0,0.0,0.99,0.98,0.97,0.02,0.02,0.03,0.02,0.0194,270.1,jev-1.13.0,1080,153
Q0590,Z 50mm f1.8 評判 まとめ,informational,1.0,0.0,0.0,0.0,0.99,0.09,0.88,0.03,0.03,0.03,0.03,0.8008,269.1,jev-1.13.0,1080,153
Q0591,Z 8 nikon キヤノン 比較 おすすめ,comparison,0.0,1.0,0.0,0.0,1.0,0.84,0.96,0.96,0.09,0.03,0.96,0.1536,280.7,jev-1.13.0,1082,150
Q0592,canon nikon EOS R8 在庫,transactional,0.0,0.0,1.0,0.0,1.0,0.8,0.45,0.93,0.85,0.04,0.93,0.09,237.4,jev-1.13.0,1073,152
Q0593,ニコン Z 30 特徴,informational,1.0,0.0,0.0,0.0,1.0,0.98,0.97,0.02,0.02,0.03,0.02,0.0194,191.9,jev-1.13.0,1073,153
Q0594,nikon キヤノン vs,comparison,0.0,1.0,0.0,0.0,1.0,0.65,0.04,0.96,0.16,0.04,0.96,0.014,246.0,jev-1.13.0,1071,150
Q0595,Z5II 作例,informational,1.0,0.0,0.0,0.0,0.99,0.05,0.92,0.03,0.03,0.04,0.03,0.874,258.2,jev-1.13.0,1069,153
Q0596,Zf ニコン Sony 比較 おすすめ,comparison,0.0,1.0,0.0,0.0,1.0,0.94,0.96,0.94,0.1,0.03,0.94,0.0576,299.3,jev-1.13.0,1079,150
Q0597,Z 30 初心者,informational,0.95,0.02,0.03,0.0,0.93,0.11,0.96,0.02,0.03,0.03,0.03,0.8544,205.8,jev-1.13.0,1072,153
Q0598,Z 24-120mm f4 通販 店舗,transactional,0.0,0.0,1.0,0.0,1.0,0.09,0.93,0.03,0.03,0.03,0.03,0.8463,239.9,jev-1.13.0,1081,152
Q0599,NIKON NIKKOR 180-600 と アルファ α6700 どっちがいい,comparison,0.0,1.0,0.0,0.0,1.0,0.82,0.83,0.22,0.89,0.03,0.89,0.1494,210.2,jev-1.13.0,1096,150
Q0600,ソニー FE 24-70mm F2.8 GM II 在庫,transactional,0.0,0.0,1.0,0.0,1.0,0.03,0.04,0.94,0.93,0.04,0.94,0.0388,230.4,jev-1.13.0,1084,152
Q0601,Z5II 最安値 楽天,transactional,0.0,0.0,1.0,0.0,1.0,0.07,0.87,0.03,0.03,0.03,0.03,0.8091,221.9,jev-1.13.0,1074,152
Q0602,a7c2 評判 初心者向け,informational,0.9,0.1,0.0,0.0,0.86,0.03,0.04,0.17,0.91,0.05,0.91,0.0388,233.7,jev-1.13.0,1078,153
Q0603,50mm f1.8 S 通販,transactional,0.0,0.0,1.0,0.0,1.0,0.06,0.87,0.03,0.03,0.03,0.03,0.8178,255.4,jev-1.13.0,1074,152
Q0604,Z 9 レビュー まとめ,informational,1.0,0.0,0.0,0.0,1.0,0.05,0.94,0.03,0.03,0.04,0.03,0.893,293.2,jev-1.13.0,1075,153
Q0605,Canon 取扱説明書,informational,0.79,0.0,0.01,0.2,0.72,0.02,0.03,0.86,0.1,0.06,0.86,0.0294,238.0,jev-1.13.0,1070,153
Q0606,nikon Z f 在庫,transactional,0.0,0.0,1.0,0.0,1.0,0.45,0.96,0.03,0.02,0.04,0.03,0.528,273.7,jev-1.13.0,1071,152
Q0607,ニコン NIKKOR Z 40mm F2 通販 予約,transactional,0.0,0.0,1.0,0.0,1.0,0.96,0.95,0.03,0.02,0.03,0.03,0.038,215.1,jev-1.13.0,1083,152
Q0608,CANON EOS R5 Mark II 違い どこで 価格,comparison,0.0,0.86,0.14,0.0,0.81,0.04,0.05,0.81,0.93,0.04,0.93,0.048,207.1,jev-1.13.0,1081,150
Q0609,ソニー アルファ9 III 価格 どこで スペック,transactional,0.02,0.01,0.97,0.0,0.96,0.03,0.04,0.96,0.96,0.04,0.96,0.0388,222.1,jev-1.13.0,1085,152
Q0610,canon RF24-105mm F4 L IS USM 購入 予約,transactional,0.0,0.0,1.0,0.0,1.0,0.02,0.04,0.89,0.94,0.04,0.94,0.0392,242.0,jev-1.13.0,1085,152
Q0611,ニコン Z 40mm f2 最安値 使い方,transactional,0.03,0.0,0.97,0.0,0.96,0.98,0.96,0.03,0.02,0.03,0.03,0.0192,272.1,jev-1.13.0,1081,152
Q0612,24-120mm f4 S 作例 まとめ,informational,1.0,0.0,0.0,0.0,1.0,0.11,0.87,0.03,0.03,0.04,0.03,0.7743,240.1,jev-1.13.0,1080,153
Q0613,24-120mm f4 S スペック ログイン,navigational,0.11,0.0,0.0,0.89,0.85,0.07,0.81,0.03,0.03,0.04,0.03,0.7533,267.8,jev-1.13.0,1083,153
Q0614,Nikon z30 口コミ,informational,0.97,0.02,0.01,0.0,0.97,0.84,0.94,0.03,0.02,0.03,0.03,0.1504,217.8,jev-1.13.0,1072,153
Q0615,Canon r6 mark2 と SONY FE 50mm F1.8 vs,comparison,0.0,1.0,0.0,0.0,1.0,0.04,0.05,0.89,0.96,0.03,0.96,0.048,198.4,jev-1.13.0,1081,150
Q0616,nikon Z5 II 購入,transactional,0.0,0.0,1.0,0.0,1.0,0.43,0.92,0.04,0.02,0.03,0.04,0.5244,265.3,jev-1.13.0,1072,152
Q0617,ニコン ニコンZ8 評判 どこで 比較,comparison,0.17,0.83,0.0,0.0,0.77,0.98,0.96,0.04,0.03,0.03,0.04,0.0192,290.6,jev-1.13.0,1084,150
Q0618,sony 50mm f1.8 FE どっちがいい Nikon Z5 II,comparison,0.0,1.0,0.0,0.0,1.0,0.28,0.86,0.94,0.96,0.03,0.96,0.6192,216.0,jev-1.13.0,1084,150
Q0619,nikon ソニー どちらを選ぶべき,comparison,0.0,1.0,0.0,0.0,1.0,0.81,0.04,0.94,0.1,0.03,0.94,0.0076,227.8,jev-1.13.0,1078,150
Q0620,zf Nikon SONY 性能比較,comparison,0.0,1.0,0.0,0.0,1.0,0.94,0.25,0.93,0.38,0.04,0.93,0.015,238.6,jev-1.13.0,1073,150
Q0621,nikon NIKKOR Z 50mm F1.8 特徴,informational,1.0,0.0,0.0,0.0,1.0,0.48,0.95,0.04,0.02,0.03,0.04,0.494,226.2,jev-1.13.0,1081,153
Q0622,ニコン 会社説明会,navigational,0.42,0.0,0.0,0.58,0.43,0.98,0.03,0.02,0.02,0.86,0.02,0.0006,192.3,jev-1.13.0,1072,153
Q0623,nikon z5ii 特徴,informational,1.0,0.0,0.0,0.0,1.0,0.37,0.92,0.04,0.03,0.04,0.04,0.5796,211.6,jev-1.13.0,1071,153
Q0624,Canon eos r1 通販 予約,transactional,0.0,0.0,1.0,0.0,1.0,0.02,0.04,0.85,0.94,0.04,0.94,0.0392,234.6,jev-1.13.0,1073,152
Q0625,ニコン キヤノン 比較,comparison,0.0,1.0,0.0,0.0,1.0,0.98,0.04,0.97,0.08,0.03,0.97,0.0008,253.3,jev-1.13.0,1075,150
Q0626,イヤホン とは,informational,1.0,0.0,0.0,0.0,1.0,0.03,0.02,0.02,0.02,0.97,0.02,0.0194,215.9,jev-1.13.0,1070,153
Q0627,Canon EOS R10 と Sony FE 200-600 G 比較,comparison,0.0,1.0,0.0,0.0,1.0,0.03,0.04,0.91,0.97,0.04,0.97,0.0388,239.8,jev-1.13.0,1084,150
Q0628,NIKKOR Z 50mm f/1.8 S 通販 楽天,transactional,0.0,0.0,1.0,0.0,1.0,0.18,0.96,0.03,0.02,0.03,0.03,0.7872,236.6,jev-1.13.0,1085,152
Q0629,nikon Z 30 登録,navigational,0.21,0.0,0.12,0.67,0.55,0.52,0.95,0.03,0.02,0.05,0.03,0.456,191.0,jev-1.13.0,1073,153
Q0630,α1マーク2 設定方法 初心者向け,informational,1.0,0.0,0.0,0.0,1.0,0.03,0.05,0.12,0.89,0.05,0.89,0.0485,233.6,jev-1.13.0,1082,153
Q0631,NIKKOR Z 24-120 F4 S 価格 予約,transactional,0.0,0.0,1.0,0.0,1.0,0.2,0.95,0.03,0.03,0.03,0.03,0.76,252.1,jev-1.13.0,1084,152
Q0632,Z 30 スペック,informational,1.0,0.0,0.0,0.0,1.0,0.06,0.96,0.02,0.03,0.04,0.03,0.9024,285.5,jev-1.13.0,1072,153
Q0633,50mm f1.8 STM Canon ソニー 性能比較,comparison,0.0,1.0,0.0,0.0,1.0,0.07,0.04,0.94,0.64,0.03,0.94,0.0372,256.6,jev-1.13.0,1082,150
Q0634,α FE 24-70mm F2.8 GM II 初心者,informational,0.91,0.09,0.0,0.0,0.87,0.03,0.06,0.31,0.82,0.06,0.82,0.0582,268.8,jev-1.13.0,1083,153
Q0635,r6 mark2 在庫 店舗,transactional,0.0,0.0,1.0,0.0,1.0,0.03,0.06,0.13,0.88,0.11,0.88,0.0582,222.0,jev-1.13.0,1075,152
Q0636,キヤノン ニコン EOS R50 設定方法,informational,1.0,0.0,0.0,0.0,1.0,0.91,0.69,0.96,0.84,0.05,0.96,0.0621,225.9,jev-1.13.0,1081,153
Q0637,NIKON Z5II 在庫 amazon,transactional,0.0,0.0,1.0,0.0,1.0,0.95,0.89,0.04,0.02,0.03,0.04,0.0445,251.0,jev-1.13.0,1074,152
Q0638,ニコン ニコンZ8 登録,navigational,0.16,0.0,0.26,0.58,0.44,0.97,0.95,0.04,0.02,0.08,0.04,0.0285,268.3,jev-1.13.0,1076,153
Q0639,Z 50mm f1.8 キャンペーン 楽天,transactional,0.0,0.0,0.99,0.01,0.99,0.14,0.85,0.05,0.03,0.04,0.05,0.731,282.9,jev-1.13.0,1083,152
Q0640,eos r1 スペック,informational,0.99,0.01,0.0,0.0,0.99,0.02,0.04,0.17,0.91,0.07,0.91,0.0392,266.5,jev-1.13.0,1072,153
Q0641,ニコン ノートパソコン,informational,0.67,0.01,0.1,0.22,0.56,0.98,0.03,0.02,0.02,0.93,0.02,0.0006,261.0,jev-1.13.0,1074,153
Q0642,Nikon Z30 登録,navigational,0.2,0.0,0.16,0.64,0.52,0.66,0.96,0.03,0.02,0.05,0.03,0.3264,233.9,jev-1.13.0,1072,153
Q0643,ニコン Z6 3 通販 amazon,transactional,0.0,0.0,1.0,0.0,1.0,0.98,0.95,0.04,0.03,0.03,0.04,0.019,219.8,jev-1.13.0,1074,152
Q0644,Z6III 修理 ダウンロード,navigational,0.32,0.0,0.14,0.54,0.38,0.08,0.92,0.02,0.02,0.05,0.02,0.8464,259.4,jev-1.13.0,1076,153
Q0645,Zf 作例,informational,1.0,0.0,0.0,0.0,0.99,0.06,0.94,0.02,0.03,0.05,0.03,0.8836,191.0,jev-1.13.0,1068,153
Q0646,canon eos r10 登録,navigational,0.2,0.0,0.22,0.58,0.43,0.03,0.05,0.87,0.95,0.05,0.95,0.0485,214.3,jev-1.13.0,1072,153
Q0647,EOS R6 Mark II キヤノン アルファ 比較,comparison,0.0,1.0,0.0,0.0,1.0,0.03,0.04,0.91,0.94,0.04,0.94,0.0388,203.9,jev-1.13.0,1082,150
Q0648,ニコン Z8 と キヤノン 24-105mm f4 L 違い,comparison,0.0,1.0,0.0,0.0,1.0,0.98,0.96,0.96,0.88,0.03,0.96,0.0192,286.6,jev-1.13.0,1089,150
Q0649,Z5 II Nikon キヤノン vs,comparison,0.0,1.0,0.0,0.0,1.0,0.88,0.93,0.95,0.13,0.04,0.95,0.1116,279.1,jev-1.13.0,1073,150
Q0650,Zf セール ログイン,navigational,0.0,0.0,0.16,0.84,0.78,0.1,0.94,0.03,0.02,0.1,0.03,0.846,247.1,jev-1.13.0,1074,153
Q0651,会社説明会 比較,comparison,0.06,0.91,0.0,0.03,0.87,0.18,0.03,0.07,0.03,0.87,0.07,0.0246,244.2,jev-1.13.0,1072,150
Q0652,α α7IV キャンペーン 予約,transactional,0.0,0.0,0.99,0.01,0.98,0.03,0.07,0.14,0.93,0.07,0.93,0.0679,294.7,jev-1.13.0,1077,152
Q0653,R8 Canon Nikon 違い,comparison,0.0,1.0,0.0,0.0,1.0,0.95,0.5,0.92,0.78,0.04,0.92,0.025,217.2,jev-1.13.0,1071,150
Q0654,NIKKOR 180-600 公式ストア ダウンロード,navigational,0.01,0.0,0.04,0.95,0.93,0.25,0.93,0.04,0.03,0.05,0.04,0.6975,298.7,jev-1.13.0,1088,153
Q0655,Canon カメラ とは,informational,1.0,0.0,0.0,0.0,1.0,0.03,0.03,0.85,0.07,0.09,0.85,0.0291,217.6,jev-1.13.0,1071,153
Q0656,Z50 II 最安値 店舗,transactional,0.0,0.0,1.0,0.0,1.0,0.07,0.92,0.03,0.02,0.03,0.03,0.8556,321.4,jev-1.13.0,1075,152
Q0657,Z5II 登録,navigational,0.19,0.0,0.36,0.45,0.26,0.07,0.92,0.02,0.03,0.07,0.03,0.8556,293.0,jev-1.13.0,1070,153
Q0658,NIKKOR Z 40mm F2 キャンペーン 楽天,transactional,0.0,0.0,1.0,0.0,0.99,0.12,0.94,0.04,0.03,0.04,0.04,0.8272,215.2,jev-1.13.0,1085,152
Q0659,nikon Z 8 比較 おすすめ 在庫,comparison,0.0,0.71,0.29,0.0,0.6,0.28,0.91,0.06,0.04,0.03,0.06,0.6552,209.7,jev-1.13.0,1081,150
Q0660,nikon カメラ とは,informational,1.0,0.0,0.0,0.0,1.0,0.86,0.05,0.03,0.02,0.07,0.03,0.007,226.8,jev-1.13.0,1072,153
Q0661,40mm f2 単焦点 ログイン ダウンロード,navigational,0.1,0.0,0.07,0.83,0.77,0.1,0.14,0.03,0.04,0.08,0.04,0.126,275.7,jev-1.13.0,1085,153
Q0662,Z6 mark3 ログイン ダウンロード,navigational,0.0,0.0,0.01,0.99,0.99,0.13,0.88,0.03,0.03,0.07,0.03,0.7656,245.6,jev-1.13.0,1079,153
Q0663,24-105mm f4 L 作例,informational,0.98,0.02,0.0,0.0,0.97,0.03,0.12,0.06,0.6,0.08,0.6,0.1164,246.8,jev-1.13.0,1076,153
Q0664,Z6 III 会員登録 スペック,informational,0.78,0.0,0.02,0.2,0.7,0.21,0.95,0.03,0.02,0.05,0.03,0.7505,275.1,jev-1.13.0,1076,153
Q0665,NIKON CANON z5ii 値段,transactional,0.0,0.02,0.98,0.0,0.98,0.96,0.69,0.92,0.33,0.05,0.92,0.0276,231.5,jev-1.13.0,1075,152
Q0666,Z6III 作例 サポート,informational,0.64,0.0,0.0,0.36,0.51,0.1,0.9,0.02,0.03,0.04,0.03,0.81,204.6,jev-1.13.0,1074,153
Q0667,R6 Mark II 公式サイト 設定方法,informational,0.88,0.0,0.0,0.12,0.84,0.03,0.06,0.12,0.86,0.08,0.86,0.0582,296.7,jev-1.13.0,1079,153
Q0668,Zf セール 店舗,transactional,0.0,0.0,0.98,0.02,0.98,0.09,0.95,0.03,0.03,0.05,0.03,0.8645,200.4,jev-1.13.0,1073,152
Q0669,sony FE 200-600 G 特徴,informational,1.0,0.0,0.0,0.0,1.0,0.02,0.04,0.91,0.92,0.04,0.92,0.0392,289.4,jev-1.13.0,1077,153
Q0670,NIKON 24-120mm f4 S セール どっちがいい,comparison,0.0,0.91,0.09,0.0,0.88,0.97,0.94,0.06,0.03,0.03,0.06,0.0282,278.2,jev-1.13.0,1088,150
Q0671,ソニー CANON vs,comparison,0.0,1.0,0.0,0.0,1.0,0.04,0.03,0.94,0.13,0.05,0.94,0.0288,218.8,jev-1.13.0,1069,150
Q0672,Nikon Zf 画質,informational,1.0,0.0,0.0,0.0,0.99,0.78,0.95,0.03,0.03,0.04,0.03,0.209,208.4,jev-1.13.0,1070,153
Q0673,VLOGCAM E10 II 使い方 初心者向け,informational,1.0,0.0,0.0,0.0,1.0,0.04,0.23,0.03,0.06,0.08,0.06,0.2208,207.3,jev-1.13.0,1081,153
Q0674,NIKON Z f 在庫,transactional,0.0,0.0,1.0,0.0,1.0,0.97,0.95,0.04,0.02,0.03,0.04,0.0285,239.8,jev-1.13.0,1072,152
Q0675,NIKKOR Z 50mm f/1.8 S 口コミ 初心者向け,informational,0.97,0.02,0.01,0.0,0.95,0.18,0.95,0.03,0.02,0.03,0.03,0.779,229.3,jev-1.13.0,1089,153
Q0676,ニコンZf とは,informational,1.0,0.0,0.0,0.0,1.0,0.97,0.96,0.03,0.02,0.04,0.03,0.0288,204.2,jev-1.13.0,1071,153
Q0677,zf スペック まとめ,informational,1.0,0.0,0.0,0.0,1.0,0.08,0.63,0.03,0.04,0.11,0.04,0.5796,207.0,jev-1.13.0,1073,153
Q0678,Z5II 口コミ 初心者向け,informational,0.94,0.06,0.0,0.0,0.92,0.09,0.91,0.03,0.03,0.04,0.03,0.8281,284.6,jev-1.13.0,1077,153
Q0679,ソニー NIKON vs,comparison,0.0,1.0,0.0,0.0,1.0,0.96,0.05,0.96,0.16,0.04,0.96,0.002,226.7,jev-1.13.0,1070,150
Q0680,z6iii 在庫 店舗,transactional,0.0,0.0,1.0,0.0,1.0,0.09,0.92,0.02,0.02,0.04,0.02,0.8372,264.7,jev-1.13.0,1074,152
Q0681,zfc ニコン canon どちらを選ぶべき,comparison,0.0,1.0,0.0,0.0,1.0,0.94,0.94,0.94,0.13,0.03,0.94,0.0564,252.4,jev-1.13.0,1079,150
Q0682,R6 Mark II とは 初心者向け,informational,0.99,0.01,0.0,0.0,0.99,0.05,0.06,0.13,0.77,0.09,0.77,0.057,253.3,jev-1.13.0,1077,153
Q0683,Nikon CANON Z50 II 作例,informational,0.72,0.28,0.0,0.0,0.62,0.82,0.64,0.89,0.36,0.05,0.89,0.1152,221.8,jev-1.13.0,1074,153
Q0684,NIKON アルファ vs,comparison,0.0,1.0,0.0,0.0,1.0,0.96,0.29,0.11,0.21,0.08,0.21,0.0116,216.5,jev-1.13.0,1072,150
Q0685,Z fc 中古 楽天,transactional,0.0,0.0,1.0,0.0,0.99,0.14,0.94,0.03,0.02,0.03,0.03,0.8084,282.9,jev-1.13.0,1072,152
Q0686,Z6 mark3 評判,informational,1.0,0.0,0.0,0.0,0.99,0.05,0.94,0.03,0.03,0.04,0.03,0.893,205.3,jev-1.13.0,1071,153
Q0687,Z6 mark3 価格 予約,transactional,0.0,0.0,1.0,0.0,1.0,0.06,0.92,0.02,0.02,0.03,0.02,0.8648,213.2,jev-1.13.0,1073,152
Q0688,ソニー FE 24-70mm F2.8 GM II 特徴,informational,1.0,0.0,0.0,0.0,1.0,0.02,0.04,0.94,0.92,0.04,0.94,0.0392,212.6,jev-1.13.0,1083,153
Q0689,Z 9 キャンペーン 予約,transactional,0.0,0.0,0.97,0.03,0.96,0.1,0.96,0.03,0.02,0.04,0.03,0.864,229.4,jev-1.13.0,1076,152
Q0690,zf 画質,informational,0.99,0.01,0.0,0.0,0.98,0.09,0.54,0.03,0.04,0.08,0.04,0.4914,350.6,jev-1.13.0,1067,153
Q0691,CANON 24-105mm f4 L 比較 NIKON Z6 mark3,comparison,0.0,1.0,0.0,0.0,1.0,0.83,0.69,0.91,0.91,0.04,0.91,0.1173,182.2,jev-1.13.0,1087,150
Q0692,ニコン NIKKOR Z 40mm f/2 評判,informational,1.0,0.0,0.0,0.0,0.99,0.96,0.97,0.02,0.02,0.03,0.02,0.0388,247.7,jev-1.13.0,1082,153
Q0693,アルファ FE 200-600 G キャンペーン 公式ストア,navigational,0.0,0.0,0.16,0.84,0.79,0.03,0.07,0.11,0.89,0.05,0.89,0.0679,236.6,jev-1.13.0,1090,153
Q0694,Z 50mm f1.8 下取り 店舗,transactional,0.0,0.0,0.98,0.02,0.98,0.14,0.9,0.03,0.03,0.05,0.03,0.774,329.5,jev-1.13.0,1080,152
Q0695,NIKKOR Z 40mm F2 通販 店舗,transactional,0.0,0.0,1.0,0.0,0.99,0.1,0.95,0.04,0.02,0.03,0.04,0.855,324.7,jev-1.13.0,1081,152
Q0696,ニコンZ8 下取り,transactional,0.0,0.0,1.0,0.0,0.99,0.98,0.97,0.03,0.02,0.04,0.03,0.0194,192.0,jev-1.13.0,1072,152
Q0697,Z50II 中古 予約,transactional,0.0,0.0,1.0,0.0,1.0,0.09,0.91,0.02,0.03,0.04,0.03,0.8281,213.0,jev-1.13.0,1073,152
Q0698,アルファ6700 Sony canon 性能比較,comparison,0.0,1.0,0.0,0.0,1.0,0.04,0.05,0.93,0.93,0.04,0.93,0.048,241.9,jev-1.13.0,1079,150
Q0699,canon Sony RF100-500 望遠 スペック,informational,0.76,0.24,0.0,0.0,0.68,0.03,0.07,0.94,0.78,0.06,0.94,0.0679,272.5,jev-1.13.0,1081,153
Q0700,24-120mm f4 S 購入 楽天,transactional,0.0,0.0,1.0,0.0,1.0,0.11,0.84,0.03,0.02,0.03,0.03,0.7476,260.2,jev-1.13.0,1081,152
Q0701,Sony α7IV 違い nikon Z8,comparison,0.0,1.0,0.0,0.0,1.0,0.85,0.9,0.87,0.97,0.03,0.97,0.135,259.5,jev-1.13.0,1075,150
Q0702,R5 Mark II 通販 楽天,transactional,0.0,0.0,1.0,0.0,1.0,0.03,0.07,0.08,0.79,0.13,0.79,0.0679,308.4,jev-1.13.0,1074,152
Q0703,nikon canon 性能比較,comparison,0.0,1.0,0.0,0.0,1.0,0.7,0.05,0.89,0.14,0.03,0.89,0.015,216.5,jev-1.13.0,1072,150
Q0704,eos r8 通販 楽天,transactional,0.0,0.0,1.0,0.0,0.99,0.03,0.04,0.31,0.93,0.05,0.93,0.0388,401.7,jev-1.13.0,1074,152
Q0705,Zfc Nikon α どちらを選ぶべき,comparison,0.0,1.0,0.0,0.0,1.0,0.93,0.79,0.35,0.56,0.03,0.56,0.0553,217.6,jev-1.13.0,1076,150
Q0706,Z 50mm f1.8 作例 初心者向け,informational,1.0,0.0,0.0,0.0,1.0,0.1,0.86,0.03,0.02,0.03,0.03,0.774,345.0,jev-1.13.0,1082,153
Q0707,r6 mark2 Canon nikon 比較 おすすめ,comparison,0.0,1.0,0.0,0.0,1.0,0.55,0.08,0.9,0.93,0.04,0.93,0.036,292.8,jev-1.13.0,1079,150
Q0708,NIKON Z5II 値段,transactional,0.0,0.0,1.0,0.0,1.0,0.92,0.93,0.04,0.02,0.03,0.04,0.0744,262.0,jev-1.13.0,1073,152
Q0709,Sony FE 200-600 G と Nikon Zf 違い,comparison,0.0,1.0,0.0,0.0,1.0,0.95,0.86,0.9,0.96,0.03,0.96,0.043,291.0,jev-1.13.0,1082,150
Q0710,canon R1 在庫 予約,transactional,0.0,0.0,1.0,0.0,1.0,0.02,0.07,0.91,0.94,0.05,0.94,0.0686,288.0,jev-1.13.0,1073,152
Q0711,40mm f2 単焦点 レビュー,informational,0.99,0.01,0.0,0.0,0.98,0.06,0.08,0.03,0.03,0.03,0.03,0.0752,280.5,jev-1.13.0,1078,153
Q0712,NIKON 40mm f2 単焦点 通販 予約,transactional,0.0,0.0,1.0,0.0,1.0,0.98,0.81,0.04,0.02,0.03,0.04,0.0162,262.6,jev-1.13.0,1083,152
Q0713,アルファ アルファ7Rマーク5 使い方 どこで どっちがいい,comparison,0.29,0.71,0.0,0.0,0.61,0.03,0.05,0.09,0.89,0.05,0.89,0.0485,219.1,jev-1.13.0,1093,150
Q0714,SONY FE 200-600 G 作例,informational,0.98,0.02,0.0,0.0,0.97,0.02,0.04,0.91,0.95,0.04,0.95,0.0392,523.2,jev-1.13.0,1078,153
Q0715,zf 通販 店舗,transactional,0.0,0.0,0.98,0.02,0.98,0.07,0.59,0.03,0.04,0.12,0.04,0.5487,275.1,jev-1.13.0,1071,152
Q0716,Canon Nikon どっちがいい,comparison,0.0,1.0,0.0,0.0,1.0,0.94,0.05,0.89,0.1,0.03,0.89,0.003,269.4,jev-1.13.0,1072,150
Q0717,アルファ a9iii 最安値 amazon,transactional,0.0,0.0,1.0,0.0,1.0,0.03,0.04,0.14,0.91,0.06,0.91,0.0388,269.1,jev-1.13.0,1075,152
Q0718,ニコン Z 24-120mm f4 下取り amazon,transactional,0.0,0.0,1.0,0.0,0.99,0.98,0.96,0.03,0.02,0.04,0.03,0.0192,261.8,jev-1.13.0,1082,152
Q0719,FE 200-600 G 購入 楽天,transactional,0.0,0.0,1.0,0.0,1.0,0.03,0.08,0.19,0.57,0.05,0.57,0.0776,257.1,jev-1.13.0,1081,152
Q0720,Zfc 初心者,informational,0.94,0.04,0.02,0.0,0.91,0.12,0.94,0.03,0.03,0.05,0.03,0.8272,317.9,jev-1.13.0,1070,153
Q0721,nikon z8 購入,transactional,0.0,0.0,1.0,0.0,1.0,0.44,0.96,0.03,0.02,0.03,0.03,0.5376,234.8,jev-1.13.0,1071,152
Q0722,ニコン カメラ レビュー,informational,0.98,0.02,0.0,0.0,0.97,0.98,0.04,0.03,0.02,0.04,0.03,0.0008,235.5,jev-1.13.0,1075,153
Q0723,z30 初心者 初心者向け,informational,0.95,0.03,0.02,0.0,0.93,0.09,0.9,0.03,0.04,0.04,0.04,0.819,305.3,jev-1.13.0,1078,153
Q0724,NIKON カメラ 画質,informational,0.95,0.05,0.0,0.0,0.93,0.98,0.05,0.04,0.02,0.04,0.04,0.001,254.0,jev-1.13.0,1073,153
Q0725,Zfc 会員登録,navigational,0.04,0.0,0.07,0.89,0.85,0.21,0.94,0.02,0.02,0.1,0.02,0.7426,231.3,jev-1.13.0,1070,153
Q0726,nikon カメラ 使い方,informational,1.0,0.0,0.0,0.0,1.0,0.9,0.04,0.04,0.02,0.03,0.04,0.004,483.6,jev-1.13.0,1073,153
Q0727,CANON eos r8 購入 画質,transactional,0.1,0.16,0.74,0.0,0.65,0.02,0.04,0.82,0.92,0.03,0.92,0.0392,233.2,jev-1.13.0,1075,152
Q0728,Z50II 問い合わせ ダウンロード,navigational,0.25,0.0,0.08,0.67,0.55,0.1,0.93,0.02,0.02,0.05,0.02,0.837,786.9,jev-1.13.0,1081,153
Q0729,ニコン NIKKOR 180-600 評判 ログイン,navigational,0.26,0.0,0.01,0.73,0.64,0.96,0.93,0.03,0.02,0.06,0.03,0.0372,336.1,jev-1.13.0,1087,153
Q0730,nikon カメラ 初心者,informational,0.85,0.07,0.07,0.01,0.8,0.9,0.04,0.04,0.02,0.04,0.04,0.004,193.2,jev-1.13.0,1074,153
Q0731,α1 II 初心者 初心者向け,informational,0.97,0.03,0.0,0.0,0.95,0.03,0.07,0.12,0.85,0.07,0.85,0.0679,268.5,jev-1.13.0,1078,153
Q0732,ニコン Zfc 価格,transactional,0.0,0.0,1.0,0.0,1.0,0.98,0.97,0.03,0.02,0.03,0.03,0.0194,244.9,jev-1.13.0,1071,152
Q0733,ニコン Z6 3 どっちがいい ログイン,comparison,0.01,0.78,0.0,0.21,0.71,0.96,0.92,0.05,0.05,0.08,0.05,0.0368,262.4,jev-1.13.0,1082,150
Q0734,NIKON Z5 II レビュー 問い合わせ,informational,0.97,0.0,0.01,0.02,0.96,0.92,0.88,0.04,0.02,0.04,0.04,0.0704,254.0,jev-1.13.0,1081,153
Q0735,nikon NIKKOR Z 180-600mm 公式サイト,navigational,0.0,0.0,0.0,1.0,1.0,0.66,0.96,0.03,0.02,0.04,0.03,0.3264,283.3,jev-1.13.0,1085,153
Q0736,nikon zfc 特徴,informational,1.0,0.0,0.0,0.0,1.0,0.4,0.93,0.03,0.02,0.03,0.03,0.558,247.2,jev-1.13.0,1070,153
Q0737,canon EOS R10 どっちがいい アルファ FE 50mm F1.8,comparison,0.0,1.0,0.0,0.0,1.0,0.07,0.09,0.87,0.93,0.03,0.93,0.0837,254.7,jev-1.13.0,1089,150
Q0738,EOS R6 Mark II 作例 初心者向け,informational,0.98,0.02,0.0,0.0,0.97,0.02,0.04,0.2,0.93,0.07,0.93,0.0392,225.6,jev-1.13.0,1078,153
Q0739,ニコンZ9 中古 楽天,transactional,0.0,0.0,0.99,0.01,0.99,0.98,0.97,0.03,0.02,0.03,0.03,0.0194,262.5,jev-1.13.0,1075,152
Q0740,アルファ9 III Sony Nikon vs,comparison,0.0,1.0,0.0,0.0,1.0,0.95,0.14,0.96,0.79,0.04,0.96,0.007,247.1,jev-1.13.0,1072,150
Q0741,Canon アルファ 違い,comparison,0.0,1.0,0.0,0.0,1.0,0.04,0.06,0.75,0.37,0.07,0.75,0.0576,281.9,jev-1.13.0,1073,150
Q0742,Z50 II 問い合わせ,informational,0.56,0.0,0.15,0.29,0.42,0.1,0.92,0.02,0.02,0.05,0.02,0.828,216.9,jev-1.13.0,1074,153
Q0743,Z 40mm f2 作例 セール,transactional,0.07,0.0,0.93,0.0,0.9,0.07,0.91,0.03,0.02,0.04,0.03,0.8463,237.4,jev-1.13.0,1077,152
Q0744,NIKON Z5 II 特徴,informational,1.0,0.0,0.0,0.0,1.0,0.93,0.91,0.03,0.02,0.04,0.03,0.0637,260.1,jev-1.13.0,1072,153
Q0745,nikon Sony Z fc 在庫,transactional,0.0,0.0,1.0,0.0,1.0,0.58,0.2,0.93,0.83,0.06,0.93,0.084,214.0,jev-1.13.0,1072,152
Q0746,SONY canon 比較,comparison,0.0,1.0,0.0,0.0,1.0,0.03,0.03,0.95,0.12,0.04,0.95,0.0291,272.0,jev-1.13.0,1070,150
Q0747,NIKKOR Z 50mm f/1.8 S 問い合わせ ダウンロード,navigational,0.37,0.0,0.15,0.48,0.32,0.28,0.96,0.04,0.03,0.05,0.04,0.6912,283.8,jev-1.13.0,1092,153
Q0748,NIKON canon Z f 初心者,comparison,0.14,0.86,0.0,0.0,0.8,0.97,0.29,0.88,0.35,0.05,0.88,0.0087,204.8,jev-1.13.0,1074,150
Q0749,R10 最安値 店舗,transactional,0.0,0.0,1.0,0.0,1.0,0.05,0.41,0.04,0.18,0.07,0.18,0.3895,259.5,jev-1.13.0,1074,152
Q0750,NIKON Zfc 特徴,informational,1.0,0.0,0.0,0.0,1.0,0.94,0.93,0.04,0.02,0.04,0.04,0.0558,255.1,jev-1.13.0,1071,153
Q0751,nikon ニコンZ8 中古,transactional,0.0,0.0,1.0,0.0,1.0,0.98,0.96,0.06,0.03,0.03,0.06,0.0192,239.3,jev-1.13.0,1074,152
Q0752,sony a9 III 下取り 予約,transactional,0.0,0.0,0.99,0.01,0.99,0.03,0.05,0.91,0.95,0.05,0.95,0.0485,305.2,jev-1.13.0,1074,152
Q0753,z6iii 中古 スペック,informational,0.78,0.0,0.22,0.0,0.7,0.07,0.9,0.03,0.03,0.04,0.03,0.837,242.6,jev-1.13.0,1074,153
Q0754,Sony a7CII セール amazon,transactional,0.0,0.0,1.0,0.0,1.0,0.02,0.03,0.89,0.95,0.04,0.95,0.0294,219.5,jev-1.13.0,1073,152
Q0755,200-600mm G望遠 レビュー 会員登録,informational,0.53,0.01,0.1,0.36,0.38,0.09,0.55,0.03,0.03,0.05,0.03,0.5005,235.8,jev-1.13.0,1084,153
Q0756,NIKKOR Z 40mm F2 登録,navigational,0.32,0.0,0.17,0.51,0.34,0.12,0.94,0.03,0.03,0.05,0.03,0.8272,268.2,jev-1.13.0,1078,153
Q0757,Z50II スペック 初心者向け,informational,1.0,0.0,0.0,0.0,0.99,0.09,0.93,0.02,0.02,0.04,0.02,0.8463,305.9,jev-1.13.0,1079,153
Q0758,Z9 登録,navigational,0.23,0.0,0.18,0.59,0.45,0.09,0.95,0.02,0.03,0.06,0.03,0.8645,585.2,jev-1.13.0,1069,153
Q0759,Z 180-600mm とは 公式サイト,navigational,0.16,0.0,0.0,0.84,0.78,0.14,0.92,0.03,0.03,0.04,0.03,0.7912,315.0,jev-1.13.0,1082,153
Q0760,NIKKOR 180-600 とは 初心者向け,informational,1.0,0.0,0.0,0.0,1.0,0.21,0.88,0.04,0.03,0.04,0.04,0.6952,285.8,jev-1.13.0,1085,153
Q0761,ニコン Z9 口コミ,informational,0.98,0.02,0.0,0.0,0.97,0.98,0.95,0.03,0.02,0.03,0.03,0.019,241.3,jev-1.13.0,1072,153
Q0762,Nikon カメラ レビュー,informational,0.98,0.02,0.0,0.0,0.97,0.97,0.04,0.04,0.03,0.04,0.04,0.0012,246.6,jev-1.13.0,1074,153
Q0763,RF 50mm f1.8 とは 初心者向け,informational,1.0,0.0,0.0,0.0,1.0,0.03,0.07,0.12,0.78,0.07,0.78,0.0679,209.6,jev-1.13.0,1082,153
Q0764,nikon カスタマーサポート,navigational,0.0,0.0,0.0,1.0,1.0,0.81,0.02,0.03,0.02,0.05,0.03,0.0038,275.2,jev-1.13.0,1075,153
Q0765,nikon インクカートリッジ,transactional,0.21,0.0,0.77,0.02,0.69,0.93,0.06,0.04,0.02,0.93,0.04,0.0042,257.9,jev-1.13.0,1075,152
Q0766,a7RV sony nikon どっちがいい,comparison,0.0,1.0,0.0,0.0,1.0,0.96,0.09,0.92,0.96,0.03,0.96,0.0036,236.0,jev-1.13.0,1076,150
Q0767,EOS R8 使い方 初心者向け,informational,1.0,0.0,0.0,0.0,1.0,0.02,0.04,0.15,0.94,0.05,0.94,0.0392,222.4,jev-1.13.0,1077,153
Q0768,キヤノン Nikon 比較 おすすめ,comparison,0.0,1.0,0.0,0.0,1.0,0.92,0.04,0.94,0.1,0.04,0.94,0.0032,233.0,jev-1.13.0,1077,150
Q0769,EOS R6 Mark II 初心者,informational,0.84,0.15,0.01,0.0,0.79,0.02,0.04,0.22,0.93,0.06,0.93,0.0392,223.5,jev-1.13.0,1073,153
Q0770,nikon CANON 違い,comparison,0.0,1.0,0.0,0.0,1.0,0.68,0.04,0.86,0.12,0.04,0.86,0.0128,191.9,jev-1.13.0,1071,150
Q0771,NIKON z6iii 特徴,informational,1.0,0.0,0.0,0.0,1.0,0.94,0.92,0.04,0.02,0.04,0.04,0.0552,234.3,jev-1.13.0,1072,153
Q0772,Nikon ソニー vs,comparison,0.0,1.0,0.0,0.0,1.0,0.9,0.06,0.92,0.12,0.05,0.92,0.006,212.9,jev-1.13.0,1070,150
Q0773,NIKON NIKKOR Z 40mm f/2 と キヤノン EOS R8 比較 おすすめ,comparison,0.0,1.0,0.0,0.0,1.0,0.93,0.91,0.91,0.82,0.04,0.91,0.0637,263.6,jev-1.13.0,1096,150
Q0774,Z 40mm f2 作例,informational,1.0,0.0,0.0,0.0,0.99,0.07,0.95,0.02,0.02,0.04,0.02,0.8835,247.3,jev-1.13.0,1073,153
Q0775,Z 9 初心者 まとめ,informational,1.0,0.0,0.0,0.0,1.0,0.08,0.95,0.03,0.03,0.04,0.03,0.874,270.3,jev-1.13.0,1075,153
Q0776,Z50 II 使い方,informational,1.0,0.0,0.0,0.0,1.0,0.06,0.92,0.02,0.02,0.03,0.02,0.8648,253.4,jev-1.13.0,1071,153
Q0777,nikon 株価,informational,0.77,0.0,0.2,0.03,0.69,0.85,0.03,0.04,0.02,0.96,0.04,0.0045,261.7,jev-1.13.0,1069,153
Q0778,50mm f1.8 FE 購入 店舗,transactional,0.0,0.0,1.0,0.0,1.0,0.03,0.1,0.21,0.48,0.04,0.48,0.097,329.7,jev-1.13.0,1079,152
Q0779,ニコンZ9 nikon Canon vs,comparison,0.0,1.0,0.0,0.0,1.0,0.96,0.96,0.9,0.11,0.04,0.9,0.0384,264.0,jev-1.13.0,1072,150
Q0780,R10 Canon α どっちがいい,comparison,0.0,1.0,0.0,0.0,1.0,0.05,0.16,0.86,0.77,0.03,0.86,0.152,305.2,jev-1.13.0,1075,150
Q0781,z8 通販 楽天,transactional,0.0,0.0,1.0,0.0,1.0,0.09,0.93,0.03,0.02,0.04,0.03,0.8463,192.2,jev-1.13.0,1072,152
Q0782,Nikon z9 値段 どこで 評判,transactional,0.02,0.0,0.98,0.0,0.97,0.51,0.96,0.04,0.02,0.04,0.04,0.4704,231.7,jev-1.13.0,1079,152
Q0783,腕時計 おすすめ,comparison,0.01,0.99,0.0,0.0,0.97,0.06,0.02,0.03,0.02,0.97,0.03,0.0188,219.7,jev-1.13.0,1071,150
Q0784,ニコン スマートフォン,informational,0.77,0.01,0.04,0.18,0.7,0.98,0.06,0.03,0.03,0.68,0.03,0.0012,310.0,jev-1.13.0,1074,153
Q0785,ニコンZf 在庫 楽天,transactional,0.0,0.0,1.0,0.0,1.0,0.98,0.97,0.03,0.02,0.04,0.03,0.0194,215.8,jev-1.13.0,1076,152
Q0786,Canon RF 50mm f1.8 購入,transactional,0.0,0.0,1.0,0.0,1.0,0.02,0.04,0.83,0.92,0.03,0.92,0.0392,295.2,jev-1.13.0,1077,152
Q0787,α9 III 違い 価格,comparison,0.0,0.95,0.05,0.0,0.93,0.05,0.07,0.13,0.69,0.07,0.69,0.0665,209.7,jev-1.13.0,1073,150
Q0788,nikon NIKKOR Z 24-120mm f/4 S セール,transactional,0.0,0.0,1.0,0.0,1.0,0.39,0.96,0.04,0.03,0.03,0.04,0.5856,223.6,jev-1.13.0,1086,152
Q0789,CANON eos r7 取扱説明書,informational,0.87,0.0,0.01,0.12,0.82,0.02,0.06,0.87,0.94,0.04,0.94,0.0588,224.5,jev-1.13.0,1074,153
Q0790,Z 30 中古 店舗,transactional,0.0,0.0,0.99,0.01,0.99,0.09,0.95,0.03,0.02,0.03,0.03,0.8645,209.3,jev-1.13.0,1074,152
Q0791,ニコン アルファ Z8 画質,informational,1.0,0.0,0.0,0.0,1.0,0.98,0.88,0.03,0.03,0.03,0.03,0.0176,189.5,jev-1.13.0,1076,153
Q0792,アルファ7Rマーク5 レビュー 初心者向け,informational,0.99,0.01,0.0,0.0,0.99,0.03,0.04,0.22,0.75,0.06,0.75,0.0388,230.1,jev-1.13.0,1085,153
Q0793,FE 24-70 GM2 設定方法 公式サイト,informational,0.72,0.0,0.0,0.28,0.63,0.03,0.08,0.14,0.85,0.05,0.85,0.0776,233.9,jev-1.13.0,1084,153
Q0794,ニコンZf 設定方法,informational,1.0,0.0,0.0,0.0,1.0,0.97,0.96,0.02,0.02,0.03,0.02,0.0288,212.9,jev-1.13.0,1074,153
Q0795,ニコンZf 下取り 予約,transactional,0.0,0.0,0.99,0.01,0.99,0.98,0.97,0.02,0.02,0.04,0.02,0.0194,219.9,jev-1.13.0,1075,152
Q0796,ニコン z9 公式ストア,navigational,0.0,0.0,0.03,0.97,0.97,0.98,0.98,0.02,0.02,0.04,0.02,0.0196,218.7,jev-1.13.0,1074,153
Q0797,NIKKOR Z 50mm f/1.8 S 下取り 店舗,transactional,0.0,0.0,0.98,0.02,0.97,0.15,0.96,0.03,0.03,0.04,0.03,0.816,223.4,jev-1.13.0,1086,152
Q0798,炊飯器 比較,comparison,0.0,1.0,0.0,0.0,1.0,0.03,0.02,0.03,0.02,0.97,0.03,0.0194,270.9,jev-1.13.0,1071,150
Q0799,sony α7R V ログイン どこで 性能比較,comparison,0.09,0.73,0.0,0.18,0.64,0.03,0.05,0.93,0.85,0.06,0.93,0.0485,247.5,jev-1.13.0,1083,150
Q0800,z8 中古 楽天,transactional,0.0,0.0,1.0,0.0,0.99,0.09,0.93,0.03,0.03,0.04,0.03,0.8463,239.5,jev-1.13.0,1072,152
