query_id,query,true_intent,mentions_competitor,out_of_category,ambiguous,own_product_only,product_surface,impressions,clicks,conversions
Q0001,NIKON canon 違い,comparison,1,0,0,0,,274,18,0
Q0002,Z fc 設定方法 まとめ,informational,0,0,0,1,Z fc,108,1,0
Q0003,Nikon カスタマーサポート,navigational,0,0,0,0,,118,24,3
Q0004,Zf 価格 楽天,transactional,0,0,0,1,Zf,144,18,4
Q0005,24-120mm f4 S 評判 まとめ,informational,0,0,0,1,24-120mm f4 S,274,5,0
Q0006,ニコン 50mm f1.8 S 設定方法,informational,0,0,0,0,50mm f1.8 S,350,11,0
Q0007,NIKKOR Z 180-600mm 作例 まとめ,informational,0,0,0,1,NIKKOR Z 180-600mm,280,10,0
Q0008,Zf とは,informational,0,0,0,1,Zf,204,8,0
Q0009,z8 通販 店舗,transactional,0,0,0,1,z8,175,9,0
Q0010,RF24-105 F4 L スペック,informational,1,0,0,0,RF24-105 F4 L,2592,149,1
Q0011,z50ii 初心者,informational,0,0,0,1,z50ii,1011,54,0
Q0012,eos r50 スペック 初心者向け,informational,1,0,0,0,eos r50,1490,28,0
Q0013,ニコンZf 購入 楽天,transactional,0,0,0,1,ニコンZf,124,20,3
Q0014,Nikon カメラ 評判,informational,0,0,0,0,,615,12,0
Q0015,SONY プリンター,navigational,1,1,0,0,,96,18,6
Q0016,Nikon Canon どっちがいい,comparison,1,0,0,0,,278,26,1
Q0017,r6 mark2 価格 店舗,transactional,1,0,0,0,r6 mark2,417,27,2
Q0018,zfc 在庫 予約,transactional,0,0,0,1,zfc,707,83,3
Q0019,Canon eos r8 最安値 予約,transactional,1,0,0,0,eos r8,291,11,0
Q0020,nikon Z50 2 セール 使い方,transactional,0,0,1,0,Z50 2,209,10,0
Q0021,sony α7CII 違い NIKON Z9,comparison,1,0,0,0,α7CII / Z9,327,14,1
Q0022,NIKON z30 性能比較 どこで 在庫,comparison,0,0,1,0,z30,96,4,0
Q0023,Sony カスタマーサポート,navigational,1,0,0,0,,157,43,4
Q0024,Nikon ニコンZ9 通販 amazon,transactional,0,0,0,0,ニコンZ9,60,7,1
Q0025,CANON カスタマーサポート,navigational,1,0,0,0,,218,36,4
Q0026,sony a1 II キャンペーン,transactional,1,0,0,0,a1 II,66,2,0
Q0027,nikon Z 24-120mm f4 セール 予約,transactional,0,0,0,0,Z 24-120mm f4,367,37,4
Q0028,Nikon z30 違い sony FE 200-600mm G,comparison,1,0,0,0,z30 / FE 200-600mm G,879,59,1
Q0029,NIKON カメラ レビュー,informational,0,0,0,0,,261,22,0
Q0030,Canon カメラ 設定方法,informational,1,0,0,0,,374,19,1
Q0031,R6II 画質 どっちがいい,informational,1,0,1,0,R6II,1462,59,1
Q0032,RF 50mm f1.8 作例 初心者向け,informational,1,0,0,0,RF 50mm f1.8,585,18,0
Q0033,NIKKOR Z 40mm f/2 口コミ まとめ,informational,0,0,0,1,NIKKOR Z 40mm f/2,421,10,0
Q0034,canon eos r8 特徴,informational,1,0,0,0,eos r8,576,19,0
Q0035,Z50 2 公式ストア,navigational,0,0,0,1,Z50 2,72,16,2
Q0036,アルファ FE 200-600 G と canon RF 100-500mm どっちがいい,comparison,1,0,0,0,FE 200-600 G / RF 100-500mm,160,8,1
Q0037,CANON キヤノンR1 在庫 予約,transactional,1,0,0,0,キヤノンR1,405,30,2
Q0038,Nikon z50ii 中古 予約,transactional,0,0,0,0,z50ii,72,7,0
Q0039,SONY 50mm f1.8 FE 特徴,informational,1,0,0,0,50mm f1.8 FE,270,13,0
Q0040,Canon RF 100-500mm 違い NIKON Zf,comparison,1,0,0,0,RF 100-500mm / Zf,176,8,0
Q0041,ソニー α1マーク2 評判,informational,1,0,0,0,α1マーク2,2485,104,0
Q0042,Sony カメラ レビュー,informational,1,0,0,0,,564,17,0
Q0043,NIKKOR Z 40mm F2 値段,transactional,0,0,0,1,NIKKOR Z 40mm F2,193,11,1
Q0044,NIKKOR Z 24-120mm f/4 S 通販 予約,transactional,0,0,0,1,NIKKOR Z 24-120mm f/4 S,52,3,0
Q0045,z30 通販,transactional,0,0,0,1,z30,185,9,1
Q0046,24-105mm f4 L 口コミ 初心者向け,informational,1,0,0,0,24-105mm f4 L,442,18,0
Q0047,Z 40mm f2 レビュー 初心者向け,informational,0,0,0,1,Z 40mm f2,333,10,0
Q0048,Z 50mm f1.8 使い方 初心者向け,informational,0,0,0,1,Z 50mm f1.8,199,14,0
Q0049,NIKKOR Z 50mm F1.8 在庫 店舗,transactional,0,0,0,1,NIKKOR Z 50mm F1.8,21,0,0
Q0050,Canon eos r10 特徴,informational,1,0,0,0,eos r10,1916,92,1
Q0051,nikon z6iii 初心者 性能比較,informational,0,0,1,0,z6iii,435,13,0
Q0052,FE 50mm F1.8 sony nikon 性能比較,comparison,1,0,0,0,FE 50mm F1.8,1295,85,2
Q0053,NIKKOR Z 40mm f/2 セール 店舗,transactional,0,0,0,1,NIKKOR Z 40mm f/2,37,3,1
Q0054,z9 修理 ダウンロード,navigational,0,0,0,1,z9,90,35,8
Q0055,canon RF 50mm f1.8 在庫,transactional,1,0,0,0,RF 50mm f1.8,137,9,1
Q0056,nikon Z f 中古 amazon,transactional,0,0,0,0,Z f,262,10,0
Q0057,200-600mm G望遠 価格 店舗,transactional,1,0,0,0,200-600mm G望遠,196,23,0
Q0058,NIKON NIKKOR Z 50mm F1.8 登録,navigational,0,0,0,0,NIKKOR Z 50mm F1.8,163,26,2
Q0059,Nikon Zfc 値段 amazon,transactional,0,0,0,0,Zfc,748,85,6
Q0060,nikon z9 在庫 vs,transactional,0,0,1,0,z9,32,3,0
Q0061,Z50II 評判 初心者向け,informational,0,0,0,1,Z50II,1796,86,0
Q0062,プリンター 最安値,transactional,0,1,0,0,,217,20,1
Q0063,Z6 3 評判 初心者向け,informational,0,0,0,1,Z6 3,928,47,1
Q0064,ニコン NIKKOR Z 50mm F1.8 中古,transactional,0,0,0,0,NIKKOR Z 50mm F1.8,246,28,2
Q0065,R5II CANON SONY vs,comparison,1,0,0,0,R5II,350,15,1
Q0066,Z8 スペック,informational,0,0,0,1,Z8,1623,68,0
Q0067,Z6 mark3 セール 会員登録,transactional,0,0,1,1,Z6 mark3,169,20,1
Q0068,複合機 比較,comparison,0,1,0,0,,461,30,3
Q0069,FE 200-600 G 値段 楽天,transactional,1,0,0,0,FE 200-600 G,153,21,1
Q0070,SONY ニコン 24-70 GMII 会員登録,navigational,1,0,1,0,24-70 GMII,90,33,1
Q0071,NIKON Z9 最安値,transactional,0,0,0,0,Z9,404,25,0
Q0072,nikon NIKKOR 180-600 設定方法 どこで キャンペーン,informational,0,0,1,0,NIKKOR 180-600,612,16,0
Q0073,Z50 II 口コミ 初心者向け,informational,0,0,0,1,Z50 II,1014,41,0
Q0074,株価 とは,informational,0,1,0,0,,491,16,0
Q0075,アルファ a9iii 価格 予約,transactional,1,0,0,0,a9iii,105,6,0
Q0076,Z 24-120mm f4 作例 初心者向け,informational,0,0,0,1,Z 24-120mm f4,2231,112,2
Q0077,nikon Z6III 使い方,informational,0,0,0,0,Z6III,689,35,0
Q0078,24-70 GMII SONY CANON どちらを選ぶべき,comparison,1,0,0,0,24-70 GMII,431,27,2
Q0079,Canon ログイン,navigational,1,0,0,0,,173,47,8
Q0080,Canon Nikon どちらを選ぶべき,comparison,1,0,0,0,,233,22,0
Q0081,SONY α7 IV 通販 予約,transactional,1,0,0,0,α7 IV,167,19,1
Q0082,nikon ニコンZ8 在庫 amazon,transactional,0,0,0,0,ニコンZ8,407,34,3
Q0083,Z 180-600mm 取扱説明書 ダウンロード,navigational,0,0,0,1,Z 180-600mm,180,49,7
Q0084,Z 50mm f1.8 設定方法 まとめ,informational,0,0,0,1,Z 50mm f1.8,414,13,1
Q0085,ソニー α7CII 登録,navigational,1,0,0,0,α7CII,115,34,8
Q0086,z30 問い合わせ,navigational,0,0,0,1,z30,101,33,5
Q0087,ニコンZ8 Nikon キヤノン vs,comparison,1,0,0,0,ニコンZ8,1155,67,3
Q0088,nikon 問い合わせ,navigational,0,0,0,0,,63,18,2
Q0089,NIKON カメラ 設定方法,informational,0,0,0,0,,125,1,0
Q0090,Z6 mark3 中古 楽天,transactional,0,0,0,1,Z6 mark3,111,5,0
Q0091,RF24-105mm F4 L IS USM スペック 初心者向け,informational,1,0,0,0,RF24-105mm F4 L IS USM,247,5,0
Q0092,α アルファ7Rマーク5 通販,transactional,1,0,0,0,アルファ7Rマーク5,42,6,0
Q0093,ニコン NIKKOR Z 40mm f/2 最安値 amazon,transactional,0,0,0,0,NIKKOR Z 40mm f/2,615,50,3
Q0094,Z50 2 通販 店舗,transactional,0,0,0,1,Z50 2,213,17,0
Q0095,z30 作例,informational,0,0,0,1,z30,879,25,0
Q0096,Z 9 下取り 予約,transactional,0,0,0,1,Z 9,247,21,1
Q0097,炊飯器 おすすめ,comparison,0,1,0,0,,72,4,0
Q0098,NIKON NIKKOR Z 50mm F1.8 購入 amazon,transactional,0,0,0,0,NIKKOR Z 50mm F1.8,68,4,1
Q0099,イヤホン 最安値,transactional,0,1,0,0,,76,9,0
Q0100,Z5II スペック まとめ,informational,0,0,0,1,Z5II,232,9,0
Q0101,Z5 II 在庫 楽天,transactional,0,0,0,1,Z5 II,77,5,1
Q0102,Z fc 中古 店舗,transactional,0,0,0,1,Z fc,142,12,1
Q0103,nikon zf 在庫 amazon,transactional,0,0,0,0,zf,111,10,0
Q0104,NIKKOR Z 24-120 F4 S 画質 初心者向け,informational,0,0,0,1,NIKKOR Z 24-120 F4 S,449,15,0
Q0105,SONY α7R V 登録,navigational,1,0,0,0,α7R V,15,6,0
Q0106,ニコン ワイヤレスイヤホン,navigational,0,1,0,0,,271,60,11
Q0107,Z 30 口コミ 初心者向け,informational,0,0,0,1,Z 30,724,21,0
Q0108,SONY a9 III 比較 CANON eos r8,comparison,1,0,0,0,a9 III / eos r8,380,29,1
Q0109,nikon Z50 2 レビュー,informational,0,0,0,0,Z50 2,241,14,0
Q0110,Z 30 口コミ,informational,0,0,0,1,Z 30,2731,52,0
Q0111,アルファ アルファ7Rマーク5 在庫,transactional,1,0,0,0,アルファ7Rマーク5,371,52,4
Q0112,CANON EOS R8 と ニコン zfc 違い,comparison,1,0,0,0,EOS R8 / zfc,573,29,0
Q0113,Z5II 作例 初心者向け,informational,0,0,0,1,Z5II,373,18,0
Q0114,nikon カメラ レビュー,informational,0,0,0,0,,797,22,0
Q0115,Z8 キャンペーン 店舗,transactional,0,0,0,1,Z8,170,11,0
Q0116,nikon Z fc 特徴,informational,0,0,0,0,Z fc,796,24,0
Q0117,Nikon NIKKOR Z 50mm f/1.8 S キャンペーン amazon,transactional,0,0,0,0,NIKKOR Z 50mm f/1.8 S,68,6,1
Q0118,Nikon Z50 2 口コミ どこで ダウンロード,informational,0,0,1,0,Z50 2,73,6,0
Q0119,ニコンZf 中古 店舗,transactional,0,0,0,1,ニコンZf,123,6,0
Q0120,ニコン 修理,navigational,0,0,0,0,,40,10,0
Q0121,a1ii 最安値 店舗,transactional,1,0,0,0,a1ii,352,30,0
Q0122,ノートパソコン 最安値,transactional,0,1,0,0,,116,9,1
Q0123,Z30 修理 ダウンロード,navigational,0,0,0,1,Z30,95,16,2
Q0124,CANON 炊飯器,navigational,1,1,0,0,,125,44,4
Q0125,Z6 mark3 購入 店舗,transactional,0,0,0,1,Z6 mark3,47,5,1
Q0126,NIKON z30 値段 とは,transactional,0,0,1,0,z30,225,23,0
Q0127,テレビ 比較,comparison,0,1,0,0,,115,2,0
Q0128,NIKKOR Z 40mm F2 とは 初心者向け,informational,0,0,0,1,NIKKOR Z 40mm F2,2620,151,2
Q0129,NIKKOR Z 180-600mm キャンペーン 店舗,transactional,0,0,0,1,NIKKOR Z 180-600mm,46,7,1
Q0130,NIKON Z 40mm f2 特徴,informational,0,0,0,0,Z 40mm f2,209,5,0
Q0131,sony a7c2 スペック,informational,1,0,0,0,a7c2,1223,54,1
Q0132,α α7 IV 性能比較 Nikon NIKKOR Z 24-120 F4 S,comparison,1,0,0,0,α7 IV / NIKKOR Z 24-120 F4 S,108,3,0
Q0133,Zf 価格 予約,transactional,0,0,0,1,Zf,39,0,0
Q0134,ニコン Z50 2 キャンペーン amazon,transactional,0,0,0,0,Z50 2,81,10,0
Q0135,sony ZV-E10 II 通販 修理,transactional,1,0,1,0,ZV-E10 II,101,13,3
Q0136,Nikon Z8 登録,navigational,0,0,0,0,Z8,126,42,7
Q0137,z9 購入 店舗,transactional,0,0,0,1,z9,617,52,3
Q0138,Z8 画質 ログイン,informational,0,0,1,1,Z8,340,6,0
Q0139,40mm f2 単焦点 最安値 楽天,transactional,0,0,0,1,40mm f2 単焦点,106,12,2
Q0140,z8 サポート,navigational,0,0,0,1,z8,60,19,3
Q0141,Nikon Z5 2 在庫,transactional,0,0,0,0,Z5 2,255,21,0
Q0142,Zfc 使い方 初心者向け,informational,0,0,0,1,Zfc,225,7,0
Q0143,Z 9 登録,navigational,0,0,0,1,Z 9,72,21,1
Q0144,Nikon Z 8 在庫,transactional,0,0,0,0,Z 8,163,18,0
Q0145,R50 最安値 楽天,transactional,1,0,0,0,R50,314,22,1
Q0146,キヤノン EOS R6 Mark II どっちがいい ソニー α7C II,comparison,1,0,0,0,EOS R6 Mark II / α7C II,165,9,2
Q0147,キヤノン Sony R6 Mark II 比較,comparison,1,0,1,0,R6 Mark II,92,10,1
Q0148,CANON EOS R50 中古 amazon,transactional,1,0,0,0,EOS R50,101,2,0
Q0149,eos r7 在庫 店舗,transactional,1,0,0,0,eos r7,112,12,0
Q0150,キヤノン eos r50 公式サイト,navigational,1,0,0,0,eos r50,450,142,15
Q0151,Z9 nikon アルファ 比較,comparison,1,0,0,0,Z9,63,5,0
Q0152,Sony カメラ スペック,informational,1,0,0,0,,1883,53,1
Q0153,Zf ニコン Canon 違い,comparison,1,0,0,0,Zf,486,17,1
Q0154,Z50II 価格 楽天,transactional,0,0,0,1,Z50II,180,15,1
Q0155,Z fc 評判,informational,0,0,0,1,Z fc,2169,59,0
Q0156,複合機 最安値,transactional,0,1,0,0,,126,13,1
Q0157,ニコン z30 口コミ どちらを選ぶべき,informational,0,0,1,0,z30,448,16,0
Q0158,50mm f1.8 FE 値段 店舗,transactional,1,0,0,0,50mm f1.8 FE,173,17,3
Q0159,アルファ α7IV 比較 ニコン NIKKOR Z 40mm f/2,comparison,1,0,0,0,α7IV / NIKKOR Z 40mm f/2,23,2,0
Q0160,nikon Z 24-120mm f4 下取り amazon,transactional,0,0,0,0,Z 24-120mm f4,161,12,1
Q0161,Canon EOS R6 Mark II どっちがいい ニコン Z fc,comparison,1,0,0,0,EOS R6 Mark II / Z fc,671,49,1
Q0162,50mm f1.8 S スペック 初心者向け,informational,0,0,0,1,50mm f1.8 S,235,5,0
Q0163,ニコン 24-120mm f4 S 下取り どこで 公式サイト,transactional,0,0,1,0,24-120mm f4 S,987,80,4
Q0164,z50ii 使い方,informational,0,0,0,1,z50ii,654,32,1
Q0165,zf 購入 ログイン,transactional,0,0,1,1,zf,17,3,1
Q0166,Canon RF100-500mm 特徴,informational,1,0,0,0,RF100-500mm,237,10,0
Q0167,アルファ9 III Sony キヤノン vs,comparison,1,0,0,0,アルファ9 III,175,6,0
Q0168,NIKON 会社説明会,navigational,0,1,0,0,,86,17,2
Q0169,Z6 3 セール 店舗,transactional,0,0,0,1,Z6 3,138,14,2
Q0170,nikon スマートフォン,navigational,0,1,0,0,,123,41,3
Q0171,アルファ カスタマーサポート,navigational,1,0,0,0,,96,40,9
Q0172,Z6 III ダウンロード,navigational,0,0,0,1,Z6 III,342,108,6
Q0173,nikon z50ii 登録,navigational,0,0,0,0,z50ii,191,61,9
Q0174,NIKON Z8 下取り,transactional,0,0,0,0,Z8,328,26,1
Q0175,SONY a6700 と キヤノン RF50mm F1.8 STM 違い,comparison,1,0,0,0,a6700 / RF50mm F1.8 STM,83,6,0
Q0176,ZV-E10II 取扱説明書 スペック,navigational,1,0,1,0,ZV-E10II,423,142,7
Q0177,Z 9 口コミ 初心者向け,informational,0,0,0,1,Z 9,326,18,0
Q0178,NIKON NIKKOR Z 24-120 F4 S 比較 おすすめ 公式サイト,comparison,0,0,1,0,NIKKOR Z 24-120 F4 S,734,30,1
Q0179,ニコン Z 50mm f1.8 取扱説明書,navigational,0,0,0,0,Z 50mm f1.8,86,17,1
Q0180,sony a6700 登録,navigational,1,0,0,0,a6700,48,13,3
Q0181,NIKON カスタマーサポート,navigational,0,0,0,0,,192,60,3
Q0182,SONY アルファ1 II 購入 amazon,transactional,1,0,0,0,アルファ1 II,426,26,0
Q0183,アルファ カメラ 画質,informational,1,0,0,0,,1353,35,1
Q0184,Z5 2 最安値 店舗,transactional,0,0,0,1,Z5 2,399,39,4
Q0185,NIKKOR Z 24-120mm f/4 S 口コミ まとめ,informational,0,0,0,1,NIKKOR Z 24-120mm f/4 S,669,23,0
Q0186,NIKKOR Z 50mm F1.8 セール 楽天,transactional,0,0,0,1,NIKKOR Z 50mm F1.8,20,3,1
Q0187,ソニー アルファ1 II 評判 どこで キャンペーン,informational,1,0,1,0,アルファ1 II,1549,41,0
Q0188,Canon R8 登録,navigational,1,0,0,0,R8,217,34,3
Q0189,NIKKOR Z 24-120mm f/4 S 登録,navigational,0,0,0,1,NIKKOR Z 24-120mm f/4 S,185,27,1
Q0190,Canon キヤノンR1 比較 おすすめ nikon z8,comparison,1,0,0,0,キヤノンR1 / z8,406,29,1
Q0191,z5ii 画質 初心者向け,informational,0,0,0,1,z5ii,479,22,1
Q0192,24-70 GMII レビュー,informational,1,0,0,0,24-70 GMII,3855,157,0
Q0193,ソニー a9 III キャンペーン amazon,transactional,1,0,0,0,a9 III,746,42,5
Q0194,z8 サポート ダウンロード,navigational,0,0,0,1,z8,51,18,1
Q0195,Z50II レビュー,informational,0,0,0,1,Z50II,2839,71,0
Q0196,z30 通販 ログイン,transactional,0,0,1,1,z30,396,34,2
Q0197,nikon Z50 II 最安値 予約,transactional,0,0,0,0,Z50 II,71,7,0
Q0198,RF50 1.8 STM 画質 ログイン,informational,1,0,1,0,RF50 1.8 STM,681,25,0
Q0199,zfc 通販 予約,transactional,0,0,0,1,zfc,127,14,0
Q0200,Z5II 通販 修理,transactional,0,0,1,1,Z5II,251,26,2
Q0201,a9 III アルファ canon 比較 おすすめ,comparison,1,0,0,0,a9 III,61,4,0
Q0202,NIKKOR Z 50mm f/1.8 S 価格 店舗,transactional,0,0,0,1,NIKKOR Z 50mm f/1.8 S,319,33,2
Q0203,nikon canon どちらを選ぶべき,comparison,1,0,0,0,,402,37,0
Q0204,FE 24-70 GM2 アルファ CANON 比較 おすすめ,comparison,1,0,0,0,FE 24-70 GM2,93,5,0
Q0205,24-70mm f2.8 GM II 価格 店舗,transactional,1,0,0,0,24-70mm f2.8 GM II,28,3,0
Q0206,Nikon NIKKOR 180-600 セール スペック,transactional,0,0,1,0,NIKKOR 180-600,203,10,2
Q0207,z5ii 登録,navigational,0,0,0,1,z5ii,221,58,9
Q0208,Z6III 公式ストア,navigational,0,0,0,1,Z6III,136,21,2
Q0209,z9 購入 予約,transactional,0,0,0,1,z9,287,29,1
Q0210,Z5II 値段 店舗,transactional,0,0,0,1,Z5II,172,7,0
Q0211,ニコン カスタマーサポート,navigational,0,0,0,0,,36,4,0
Q0212,ニコン zf 評判,informational,0,0,0,0,zf,250,16,0
Q0213,nikon ニコンZ8 と ソニー α7 IV 比較 おすすめ,comparison,1,0,0,0,ニコンZ8 / α7 IV,151,5,0
Q0214,Nikon 採用,navigational,0,1,0,0,,111,21,5
Q0215,ニコン ニコンZ9 と キヤノン EOS R5 Mark II どちらを選ぶべき,comparison,1,0,0,0,ニコンZ9 / EOS R5 Mark II,165,6,0
Q0216,canon 24-105mm f4 L 登録,navigational,1,0,0,0,24-105mm f4 L,38,13,0
Q0217,nikon ニコンZ8 購入 予約,transactional,0,0,0,0,ニコンZ8,438,31,0
Q0218,Z5 2 vs サポート,comparison,0,0,1,1,Z5 2,217,11,0
Q0219,NIKON CANON z5ii vs,comparison,1,0,1,0,z5ii,335,23,0
Q0220,sony カメラ 初心者,informational,1,0,0,0,,608,17,0
Q0221,ニコン Zf 中古 予約,transactional,0,0,0,0,Zf,642,57,1
Q0222,nikon Z6 III とは どこで セール,informational,0,0,1,0,Z6 III,672,39,0
Q0223,eos r10 vs 下取り,comparison,1,0,1,0,eos r10,160,5,0
Q0224,50mm f1.8 S キャンペーン 楽天,transactional,0,0,0,1,50mm f1.8 S,626,43,5
Q0225,CANON Sony どちらを選ぶべき,comparison,1,0,0,0,,138,10,0
Q0226,Z 30 スペック まとめ,informational,0,0,0,1,Z 30,978,34,0
Q0227,α α7C II と ニコン NIKKOR Z 40mm f/2 vs,comparison,1,0,0,0,α7C II / NIKKOR Z 40mm f/2,91,3,0
Q0228,FE50mm 1.8 初心者,informational,1,0,0,0,FE50mm 1.8,536,4,0
Q0229,ニコン Z9 下取り 予約,transactional,0,0,0,0,Z9,23,3,0
Q0230,nikon z50ii 値段,transactional,0,0,0,0,z50ii,46,7,0
Q0231,キヤノン カメラ 口コミ,informational,1,0,0,0,,3083,134,2
Q0232,NIKKOR Z 50mm F1.8 キャンペーン 楽天,transactional,0,0,0,1,NIKKOR Z 50mm F1.8,192,21,2
Q0233,ニコンZf 在庫 予約,transactional,0,0,0,1,ニコンZf,124,16,2
Q0234,Zfc 登録,navigational,0,0,0,1,Zfc,157,20,5
Q0235,ニコン Z f 最安値,transactional,0,0,0,0,Z f,95,7,1
Q0236,Z5 2 作例 初心者向け,informational,0,0,0,1,Z5 2,1148,30,0
Q0237,24-70 GMII 設定方法 初心者向け,informational,1,0,0,0,24-70 GMII,2799,123,0
Q0238,z50ii 通販 楽天,transactional,0,0,0,1,z50ii,54,3,0
Q0239,canon アルファ 違い,comparison,1,0,0,0,,215,7,0
Q0240,Z 8 初心者 まとめ,informational,0,0,0,1,Z 8,629,33,2
Q0241,Z5 II ダウンロード 比較 おすすめ,navigational,0,0,1,1,Z5 II,147,29,1
Q0242,nikon z30 修理 どこで 口コミ,navigational,0,0,1,0,z30,140,25,3
Q0243,ソニー FE50mm 1.8 画質,informational,1,0,0,0,FE50mm 1.8,1026,18,1
Q0244,zfc 初心者 まとめ,informational,0,0,0,1,zfc,149,6,0
Q0245,a7iv レビュー 取扱説明書,informational,1,0,1,0,a7iv,245,17,0
Q0246,ニコン Z50 II 価格 予約,transactional,0,0,0,0,Z50 II,82,13,1
Q0247,VLOGCAM E10 II SONY CANON 比較,comparison,1,0,0,0,VLOGCAM E10 II,150,9,0
Q0248,NIKKOR Z 50mm F1.8 Nikon SONY 違い,comparison,1,0,0,0,NIKKOR Z 50mm F1.8,172,6,0
Q0249,Nikon Z6 III 登録,navigational,0,0,0,0,Z6 III,255,85,5
Q0250,z9 画質 初心者向け,informational,0,0,0,1,z9,134,5,0
Q0251,NIKON z9 購入 予約,transactional,0,0,0,0,z9,426,55,1
Q0252,NIKON 40mm f2 単焦点 登録,navigational,0,0,0,0,40mm f2 単焦点,304,64,8
Q0253,Z fc とは まとめ,informational,0,0,0,1,Z fc,1177,55,2
Q0254,Z 40mm f2 キャンペーン 楽天,transactional,0,0,0,1,Z 40mm f2,379,41,4
Q0255,FE 24-70mm F2.8 GM II Sony Canon 比較 おすすめ,comparison,1,0,0,0,FE 24-70mm F2.8 GM II,110,6,1
Q0256,Nikon Z 180-600mm とは 比較,informational,0,0,1,0,Z 180-600mm,229,6,1
Q0257,Nikon SONY Z 8 比較,comparison,1,0,1,0,Z 8,54,3,0
Q0258,a6700 在庫 店舗,transactional,1,0,0,0,a6700,608,39,3
Q0259,Z 50mm f1.8 ダウンロード,navigational,0,0,0,1,Z 50mm f1.8,44,8,0
Q0260,NIKON Z5 II 最安値 amazon,transactional,0,0,0,0,Z5 II,182,15,0
Q0261,アルファ アルファ1 II 特徴,informational,1,0,0,0,アルファ1 II,639,19,0
Q0262,z6iii 画質 初心者向け,informational,0,0,0,1,z6iii,433,20,0
Q0263,nikon Canon NIKKOR Z 50mm f/1.8 S 口コミ,informational,1,0,1,0,NIKKOR Z 50mm f/1.8 S,716,27,0
Q0264,ニコン Z5 II 使い方 サポート,informational,0,0,1,0,Z5 II,1300,49,0
Q0265,ソニー FE 50mm F1.8 と NIKON ニコンZ8 vs,comparison,1,0,0,0,FE 50mm F1.8 / ニコンZ8,888,38,3
Q0266,Z8 作例,informational,0,0,0,1,Z8,1397,34,0
Q0267,ニコン zfc 口コミ,informational,0,0,0,0,zfc,355,12,0
Q0268,eos r10 canon α 性能比較,comparison,1,0,0,0,eos r10,536,36,1
Q0269,40mm f2 単焦点 登録,navigational,0,0,0,1,40mm f2 単焦点,30,3,1
Q0270,Z5II 下取り 予約,transactional,0,0,0,1,Z5II,786,54,1
Q0271,NIKON Z9 登録,navigational,0,0,0,0,Z9,25,9,0
Q0272,zf 価格 店舗,transactional,0,0,0,1,zf,61,1,0
Q0273,z50ii 在庫 店舗,transactional,0,0,0,1,z50ii,128,11,1
Q0274,Z50 II 通販 楽天,transactional,0,0,0,1,Z50 II,86,6,0
Q0275,nikon Canon zf vs,comparison,1,0,1,0,zf,83,3,0
Q0276,ニコンZf とは 初心者向け,informational,0,0,0,1,ニコンZf,377,12,0
Q0277,Z50 2 価格 楽天,transactional,0,0,0,1,Z50 2,99,6,0
Q0278,NIKKOR Z 50mm f/1.8 S 登録,navigational,0,0,0,1,NIKKOR Z 50mm f/1.8 S,556,94,5
Q0279,FE 200-600 G α ニコン 違い,comparison,1,0,0,0,FE 200-600 G,145,14,0
Q0280,ソニー ZV-E10 II 作例,informational,1,0,0,0,ZV-E10 II,349,16,1
Q0281,α7RV 下取り 楽天,transactional,1,0,0,0,α7RV,83,7,1
Q0282,CANON RF100-500mm 登録,navigational,1,0,0,0,RF100-500mm,22,8,2
Q0283,ソニー カメラ スペック,informational,1,0,0,0,,1013,45,0
Q0284,ソニー a7RV セール どこで とは,transactional,1,0,1,0,a7RV,81,13,0
Q0285,α カスタマーサポート,navigational,1,0,0,0,,162,28,2
Q0286,Sony FE 50mm F1.8 と nikon Z9 違い,comparison,1,0,0,0,FE 50mm F1.8 / Z9,127,11,1
Q0287,Z f キャンペーン 楽天,transactional,0,0,0,1,Z f,127,6,0
Q0288,NIKKOR Z 180-600mm サポート ダウンロード,navigational,0,0,0,1,NIKKOR Z 180-600mm,113,31,0
Q0289,NIKKOR Z 24-120mm f/4 S 初心者,informational,0,0,0,1,NIKKOR Z 24-120mm f/4 S,361,22,0
Q0290,nikon NIKKOR Z 40mm f/2 特徴,informational,0,0,0,0,NIKKOR Z 40mm f/2,249,9,0
Q0291,キヤノン Nikon r6 mark2 口コミ,informational,1,0,1,0,r6 mark2,3431,175,2
Q0292,50mm f1.8 S Nikon sony どちらを選ぶべき,comparison,1,0,0,0,50mm f1.8 S,418,14,0
Q0293,CANON r6 mark2 通販 amazon,transactional,1,0,0,0,r6 mark2,162,15,1
Q0294,NIKON z50ii 在庫 予約,transactional,0,0,0,0,z50ii,115,6,0
Q0295,Canon R1 レビュー,informational,1,0,0,0,R1,545,23,0
Q0296,Zfc 画質 初心者向け,informational,0,0,0,1,Zfc,1028,49,0
Q0297,α 50mm f1.8 FE とは,informational,1,0,0,0,50mm f1.8 FE,2074,112,1
Q0298,ニコン NIKKOR Z 24-120 F4 S 中古,transactional,0,0,0,0,NIKKOR Z 24-120 F4 S,407,28,2
Q0299,ニコン NIKKOR 180-600 セール amazon,transactional,0,0,0,0,NIKKOR 180-600,148,14,1
Q0300,Canon EOS R1 特徴,informational,1,0,0,0,EOS R1,1413,83,3
Q0301,ニコン ログイン,navigational,0,0,0,0,,183,29,4
Q0302,NIKON zfc 中古 amazon,transactional,0,0,0,0,zfc,185,18,1
Q0303,NIKON ニコンZf ダウンロード 値段,navigational,0,0,1,0,ニコンZf,59,14,2
Q0304,nikon Z50 2 比較 問い合わせ,comparison,0,0,1,0,Z50 2,182,8,0
Q0305,nikon ログイン,navigational,0,0,0,0,,38,8,0
Q0306,ニコン カメラ スペック,informational,0,0,0,0,,435,12,0
Q0307,a7CII レビュー 初心者向け,informational,1,0,0,0,a7CII,468,24,0
Q0308,アルファ FE 24-70 GM2 セール 予約,transactional,1,0,0,0,FE 24-70 GM2,405,42,2
Q0309,Zf とは 初心者向け,informational,0,0,0,1,Zf,5545,175,1
Q0310,RF50 1.8 STM 購入 楽天,transactional,1,0,0,0,RF50 1.8 STM,34,0,0
Q0311,sony 公式サイト,navigational,1,0,0,0,,39,4,0
Q0312,z30 購入 楽天,transactional,0,0,0,1,z30,276,29,3
Q0313,nikon z8 特徴,informational,0,0,0,0,z8,3880,152,2
Q0314,NIKON NIKKOR 180-600 特徴,informational,0,0,0,0,NIKKOR 180-600,638,23,1
Q0315,CANON RF100-500 望遠 と α アルファ9 III どちらを選ぶべき,comparison,1,0,0,0,RF100-500 望遠 / アルファ9 III,96,9,0
Q0316,アルファ アルファ1 II 購入 amazon,transactional,1,0,0,0,アルファ1 II,269,25,0
Q0317,NIKON Z6 3 特徴,informational,0,0,0,0,Z6 3,302,14,0
Q0318,z6iii セール 予約,transactional,0,0,0,1,z6iii,132,16,1
Q0319,z50ii 問い合わせ ダウンロード,navigational,0,0,0,1,z50ii,137,38,8
Q0320,Z 30 キャンペーン 予約,transactional,0,0,0,1,Z 30,79,7,0
Q0321,複合機 とは,informational,0,1,0,0,,184,10,0
Q0322,Canon 24-105mm f4 L 中古 予約,transactional,1,0,0,0,24-105mm f4 L,111,12,1
Q0323,24-120mm f4 S 設定方法 初心者向け,informational,0,0,0,1,24-120mm f4 S,132,3,0
Q0324,Z f 作例,informational,0,0,0,1,Z f,10634,304,4
Q0325,z9 作例,informational,0,0,0,1,z9,1197,22,0
Q0326,NIKKOR Z 24-120 F4 S 中古 予約,transactional,0,0,0,1,NIKKOR Z 24-120 F4 S,215,15,1
Q0327,z9 登録,navigational,0,0,0,1,z9,40,12,0
Q0328,CANON EOS R50 比較 NIKON z30,comparison,1,0,0,0,EOS R50 / z30,169,7,0
Q0329,EOS R1 画質,informational,1,0,0,0,EOS R1,400,8,0
Q0330,ニコン Z9 と α 200-600mm G望遠 vs,comparison,1,0,0,0,Z9 / 200-600mm G望遠,363,29,1
Q0331,α 24-70 GMII 設定方法,informational,1,0,0,0,24-70 GMII,183,10,0
Q0332,ニコン Zf vs サポート,comparison,0,0,1,0,Zf,618,26,2
Q0333,Zfc キャンペーン 楽天,transactional,0,0,0,1,Zfc,170,22,2
Q0334,z6iii 評判,informational,0,0,0,1,z6iii,186,1,0
Q0335,nikon NIKKOR 180-600 最安値 どこで 使い方,transactional,0,0,1,0,NIKKOR 180-600,216,16,0
Q0336,NIKKOR Z 24-120mm f/4 S 通販 楽天,transactional,0,0,0,1,NIKKOR Z 24-120mm f/4 S,366,33,1
Q0337,nikon NIKKOR Z 50mm F1.8 違い canon R1,comparison,1,0,0,0,NIKKOR Z 50mm F1.8 / R1,64,3,0
Q0338,canon RF 24-105mm F4L 使い方,informational,1,0,0,0,RF 24-105mm F4L,682,25,0
Q0339,Z 180-600mm 最安値 どっちがいい,transactional,0,0,1,1,Z 180-600mm,30,1,0
Q0340,Z5 II スペック 中古,informational,0,0,1,1,Z5 II,616,27,0
Q0341,nikon ニコンZ8 中古 予約,transactional,0,0,0,0,ニコンZ8,303,20,2
Q0342,NIKKOR Z 24-120mm f/4 S ダウンロード ダウンロード,navigational,0,0,0,1,NIKKOR Z 24-120mm f/4 S,79,28,2
Q0343,Sony Nikon 違い,comparison,1,0,0,0,,190,15,0
Q0344,アルファ nikon 違い,comparison,1,0,0,0,,325,19,0
Q0345,NIKKOR Z 24-120mm f/4 S 最安値 楽天,transactional,0,0,0,1,NIKKOR Z 24-120mm f/4 S,191,20,0
Q0346,Z6III 画質 最安値,informational,0,0,1,1,Z6III,1598,87,1
Q0347,sony a9iii 価格 amazon,transactional,1,0,0,0,a9iii,150,7,1
Q0348,キヤノン R5II 違い ニコン Zf,comparison,1,0,0,0,R5II / Zf,146,1,0
Q0349,CANON R50 特徴,informational,1,0,0,0,R50,696,43,1
Q0350,NIKKOR Z 24-120 F4 S 在庫 店舗,transactional,0,0,0,1,NIKKOR Z 24-120 F4 S,264,15,1
Q0351,180-600mm 望遠 画質 どっちがいい,informational,0,0,1,1,180-600mm 望遠,481,13,0
Q0352,インクカートリッジ 比較,comparison,0,1,0,0,,14,1,0
Q0353,CANON 24-105mm f4 L 値段,transactional,1,0,0,0,24-105mm f4 L,140,18,1
Q0354,NIKON キヤノン Z6 III 最安値,transactional,1,0,1,0,Z6 III,57,4,1
Q0355,nikon Sony Z 50mm f1.8 中古,transactional,1,0,1,0,Z 50mm f1.8,143,14,0
Q0356,ニコン Sony zfc キャンペーン,transactional,1,0,1,0,zfc,279,29,2
Q0357,キヤノン サポート,navigational,1,0,0,0,,461,120,5
Q0358,Z6III 設定方法,informational,0,0,0,1,Z6III,725,35,0
Q0359,nikon Zf どっちがいい Sony 50mm f1.8 FE,comparison,1,0,0,0,Zf / 50mm f1.8 FE,236,14,0
Q0360,zf 評判 初心者向け,informational,0,0,0,1,zf,320,15,0
Q0361,α1マーク2 SONY ニコン vs,comparison,1,0,0,0,α1マーク2,133,9,0
Q0362,Sony キヤノン アルファ6700 初心者,informational,1,0,1,0,アルファ6700,305,13,0
Q0363,キヤノン R5II 特徴,informational,1,0,0,0,R5II,635,21,1
Q0364,Canon EOS R6 Mark II 中古,transactional,1,0,0,0,EOS R6 Mark II,226,11,0
Q0365,Z 9 評判 初心者向け,informational,0,0,0,1,Z 9,1686,42,0
Q0366,キヤノン R6 Mark II 中古 予約,transactional,1,0,0,0,R6 Mark II,66,6,1
Q0367,ニコン Z5II と アルファ α7CII どちらを選ぶべき,comparison,1,0,0,0,Z5II / α7CII,121,3,0
Q0368,Z50 II ニコン sony 違い,comparison,1,0,0,0,Z50 II,828,55,0
Q0369,Nikon NIKKOR Z 40mm F2 特徴,informational,0,0,0,0,NIKKOR Z 40mm F2,1510,57,0
Q0370,ニコン zfc 比較 おすすめ サポート,comparison,0,0,1,0,zfc,1324,55,1
Q0371,Z50II 下取り 店舗,transactional,0,0,0,1,Z50II,55,3,0
Q0372,Sony zve10 ii とは,informational,1,0,0,0,zve10 ii,296,24,0
Q0373,キヤノン sony どちらを選ぶべき,comparison,1,0,0,0,,154,8,0
Q0374,Z30 通販 問い合わせ,transactional,0,0,1,1,Z30,178,20,2
Q0375,Nikon カメラ 作例,informational,0,0,0,0,,1479,76,0
Q0376,NIKON カメラ 使い方,informational,0,0,0,0,,3276,69,0
Q0377,sony カメラ 使い方,informational,1,0,0,0,,781,19,0
Q0378,ワイヤレスイヤホン とは,informational,0,1,0,0,,907,26,1
Q0379,zf 登録,navigational,0,0,0,1,zf,324,73,17
Q0380,アルファ CANON a7 IV レビュー,informational,1,0,1,0,a7 IV,672,37,0
Q0381,アルファ FE 24-70mm F2.8 GM II と nikon 24-120mm f4 S 比較 おすすめ,comparison,1,0,0,0,FE 24-70mm F2.8 GM II / 24-120mm f4 S,102,8,1
Q0382,nikon ワイヤレスイヤホン,navigational,0,1,0,0,,16,1,0
Q0383,zf 作例 初心者向け,informational,0,0,0,1,zf,970,38,1
Q0384,SONY a7r5 設定方法,informational,1,0,0,0,a7r5,1236,54,2
Q0385,Z 24-120mm f4 セール,transactional,0,0,0,1,Z 24-120mm f4,421,34,6
Q0386,Z 180-600mm 下取り,transactional,0,0,0,1,Z 180-600mm,181,27,3
Q0387,NIKKOR Z 24-120mm f/4 S 初心者 初心者向け,informational,0,0,0,1,NIKKOR Z 24-120mm f/4 S,4206,273,2
Q0388,CANON R10 特徴,informational,1,0,0,0,R10,761,25,0
Q0389,CANON RF 100-500mm と アルファ アルファ7マーク4 比較 おすすめ,comparison,1,0,0,0,RF 100-500mm / アルファ7マーク4,657,43,2
Q0390,R8 キヤノン SONY 比較,comparison,1,0,0,0,R8,767,30,1
Q0391,Nikon アルファ Z 30 値段,transactional,1,0,1,0,Z 30,116,1,0
Q0392,Z 30 口コミ 比較 おすすめ,informational,0,0,1,1,Z 30,3536,200,0
Q0393,Canon 公式サイト,navigational,1,0,0,0,,19,4,0
Q0394,Z30 口コミ 最安値,informational,0,0,1,1,Z30,390,24,0
Q0395,Canon EOS R7 性能比較 ニコン z5ii,comparison,1,0,0,0,EOS R7 / z5ii,166,15,0
Q0396,採用 とは,informational,0,1,0,0,,288,18,0
Q0397,株価 最安値,transactional,0,1,0,0,,522,30,1
Q0398,NIKON z50ii 下取り 予約,transactional,0,0,0,0,z50ii,54,1,0
Q0399,r6 mark2 CANON NIKON 比較,comparison,1,0,0,0,r6 mark2,469,24,1
Q0400,Nikon Z5 II 登録,navigational,0,0,0,0,Z5 II,34,8,3
Q0401,NIKON Z 8 スペック どこで 通販,informational,0,0,1,0,Z 8,5261,277,2
Q0402,canon ワイヤレスイヤホン,navigational,1,1,0,0,,41,6,0
Q0403,canon カメラ とは,informational,1,0,0,0,,137,13,0
Q0404,キヤノン R7 公式サイト,navigational,1,0,0,0,R7,108,17,2
Q0405,nikon Z50 2 違い アルファ アルファ7Rマーク5,comparison,1,0,0,0,Z50 2 / アルファ7Rマーク5,450,38,0
Q0406,CANON α 違い,comparison,1,0,0,0,,76,0,0
Q0407,ニコン 40mm f2 単焦点 ログイン,navigational,0,0,0,0,40mm f2 単焦点,51,15,1
Q0408,キヤノン ニコン 比較 おすすめ,comparison,1,0,0,0,,452,32,1
Q0409,Sony α6700 在庫 予約,transactional,1,0,0,0,α6700,91,11,2
Q0410,nikon 180-600mm 望遠 特徴,informational,0,0,0,0,180-600mm 望遠,130,4,0
Q0411,Z5 II 価格 楽天,transactional,0,0,0,1,Z5 II,215,9,0
Q0412,R50 最安値 取扱説明書,transactional,1,0,1,0,R50,108,11,2
Q0413,Z50II 評判 まとめ,informational,0,0,0,1,Z50II,1645,67,1
Q0414,NIKON Z 24-120mm f4 中古 どこで 公式サイト,transactional,0,0,1,0,Z 24-120mm f4,116,12,1
Q0415,NIKKOR Z 24-120mm f/4 S スペック セール,informational,0,0,1,1,NIKKOR Z 24-120mm f/4 S,297,21,0
Q0416,Z 50mm f1.8 下取り vs,transactional,0,0,1,1,Z 50mm f1.8,178,17,1
Q0417,50mm f1.8 S 初心者 初心者向け,informational,0,0,0,1,50mm f1.8 S,503,13,0
Q0418,nikon NIKKOR Z 180-600mm 性能比較 canon RF 100-500mm,comparison,1,0,0,0,NIKKOR Z 180-600mm / RF 100-500mm,708,19,0
Q0419,Nikon アルファ Z 40mm f2 とは,informational,1,0,1,0,Z 40mm f2,208,7,1
Q0420,nikon カメラ 画質,informational,0,0,0,0,,350,9,0
Q0421,Z 50mm f1.8 値段 店舗,transactional,0,0,0,1,Z 50mm f1.8,58,7,1
Q0422,ZV-E10 II 下取り 公式サイト,transactional,1,0,1,0,ZV-E10 II,244,22,0
Q0423,nikon 180-600mm 望遠 設定方法 どこで 値段,informational,0,0,1,0,180-600mm 望遠,731,41,0
Q0424,NIKON カメラ とは,informational,0,0,0,0,,113,7,0
Q0425,アルファ アルファ9 III と Canon R1 比較,comparison,1,0,0,0,アルファ9 III / R1,184,12,0
Q0426,NIKKOR Z 24-120 F4 S nikon ソニー どちらを選ぶべき,comparison,1,0,0,0,NIKKOR Z 24-120 F4 S,92,4,0
Q0427,50mm f1.8 FE sony Canon どちらを選ぶべき,comparison,1,0,0,0,50mm f1.8 FE,140,12,1
Q0428,180-600mm 望遠 使い方 初心者向け,informational,0,0,0,1,180-600mm 望遠,867,20,0
Q0429,EOS R1 canon ソニー 違い,comparison,1,0,0,0,EOS R1,580,29,1
Q0430,nikon アルファ 違い,comparison,1,0,0,0,,415,11,0
Q0431,z50ii 口コミ 初心者向け,informational,0,0,0,1,z50ii,3011,166,0
Q0432,α 24-70 GMII 最安値 予約,transactional,1,0,0,0,24-70 GMII,168,17,3
Q0433,nikon Z5 2 作例,informational,0,0,0,0,Z5 2,168,3,0
Q0434,Nikon Z f 使い方 どこで 性能比較,informational,0,0,1,0,Z f,318,7,0
Q0435,nikon Z50 II 在庫,transactional,0,0,0,0,Z50 II,336,40,2
Q0436,zf 最安値 予約,transactional,0,0,0,1,zf,162,4,0
Q0437,ニコン zf 購入 予約,transactional,0,0,0,0,zf,433,50,3
Q0438,α FE 50mm F1.8 使い方,informational,1,0,0,0,FE 50mm F1.8,621,29,1
Q0439,ニコン z8 下取り 予約,transactional,0,0,0,0,z8,950,119,6
Q0440,ニコン アルファ zfc 在庫,transactional,1,0,1,0,zfc,197,15,2
Q0441,SONY ZV-E10 II セール,transactional,1,0,0,0,ZV-E10 II,50,6,0
Q0442,Z5 2 使い方 性能比較,informational,0,0,1,1,Z5 2,641,43,1
Q0443,z6iii スペック まとめ,informational,0,0,0,1,z6iii,269,12,1
Q0444,α1 II スペック 初心者向け,informational,1,0,0,0,α1 II,1427,70,2
Q0445,NIKKOR 180-600 使い方 初心者向け,informational,0,0,0,1,NIKKOR 180-600,716,20,1
Q0446,Z8 登録,navigational,0,0,0,1,Z8,45,7,1
Q0447,50mm f1.8 FE レビュー,informational,1,0,0,0,50mm f1.8 FE,1870,64,1
Q0448,ソニー α9 III レビュー 価格,informational,1,0,1,0,α9 III,592,20,0
Q0449,RF50mm F1.8 STM キャンペーン 店舗,transactional,1,0,0,0,RF50mm F1.8 STM,330,25,2
Q0450,NIKKOR Z 50mm F1.8 とは 初心者向け,informational,0,0,0,1,NIKKOR Z 50mm F1.8,617,18,0
Q0451,Sony FE 24-70mm F2.8 GM II 下取り amazon,transactional,1,0,0,0,FE 24-70mm F2.8 GM II,132,13,1
Q0452,Z50 II 使い方 まとめ,informational,0,0,0,1,Z50 II,873,22,1
Q0453,a7c2 sony Canon どちらを選ぶべき,comparison,1,0,0,0,a7c2,1207,72,2
Q0454,α7R V キャンペーン 楽天,transactional,1,0,0,0,α7R V,118,8,1
Q0455,テレビ 最安値,transactional,0,1,0,0,,84,9,0
Q0456,会社説明会 おすすめ,comparison,0,1,0,0,,112,6,0
Q0457,Sony α7R V 最安値,transactional,1,0,0,0,α7R V,261,16,3
Q0458,Z5II 口コミ まとめ,informational,0,0,0,1,Z5II,458,12,0
Q0459,アルファ α9 III 比較 おすすめ CANON RF100-500 望遠,comparison,1,0,0,0,α9 III / RF100-500 望遠,244,8,1
Q0460,nikon Z5II 比較 おすすめ どこで 下取り,comparison,0,0,1,0,Z5II,199,7,0
Q0461,Z 30 在庫,transactional,0,0,0,1,Z 30,189,14,1
Q0462,Z5 II 通販 楽天,transactional,0,0,0,1,Z5 II,357,28,1
Q0463,Z 40mm f2 使い方 初心者向け,informational,0,0,0,1,Z 40mm f2,954,49,0
Q0464,nikon Z 30 価格 予約,transactional,0,0,0,0,Z 30,32,2,1
Q0465,CANON eos r8 と Sony a7 IV どっちがいい,comparison,1,0,0,0,eos r8 / a7 IV,276,29,1
Q0466,Nikon NIKKOR Z 24-120mm f/4 S 評判 どこで 値段,informational,0,0,1,0,NIKKOR Z 24-120mm f/4 S,1123,57,0
Q0467,z30 ダウンロード ダウンロード,navigational,0,0,0,1,z30,123,21,3
Q0468,Z50 II 最安値 楽天,transactional,0,0,0,1,Z50 II,75,6,0
Q0469,Canon R5II 登録,navigational,1,0,0,0,R5II,206,63,7
Q0470,Z f スペック まとめ,informational,0,0,0,1,Z f,413,18,1
Q0471,NIKON Zfc 比較 おすすめ 最安値,comparison,0,0,1,0,Zfc,554,22,2
Q0472,α a1ii と NIKON Zf 違い,comparison,1,0,0,0,a1ii / Zf,313,29,0
Q0473,z8 最安値 店舗,transactional,0,0,0,1,z8,126,9,1
Q0474,z50ii 中古 店舗,transactional,0,0,0,1,z50ii,216,16,1
Q0475,Z6 III 在庫 店舗,transactional,0,0,0,1,Z6 III,84,11,1
Q0476,ニコン Z5 II 画質,informational,0,0,0,0,Z5 II,521,17,0
Q0477,NIKON 公式サイト,navigational,0,0,0,0,,423,72,12
Q0478,Nikon Z fc 最安値 予約,transactional,0,0,0,0,Z fc,450,36,3
Q0479,z5ii スペック,informational,0,0,0,1,z5ii,369,21,0
Q0480,決算 最安値,transactional,0,1,0,0,,59,2,1
Q0481,NIKKOR Z 50mm F1.8 初心者 まとめ,informational,0,0,0,1,NIKKOR Z 50mm F1.8,566,20,0
Q0482,Z5 II 評判,informational,0,0,0,1,Z5 II,505,13,0
Q0483,nikon CANON NIKKOR Z 40mm f/2 購入,transactional,1,0,1,0,NIKKOR Z 40mm f/2,245,23,1
Q0484,キヤノン R10 登録,navigational,1,0,0,0,R10,25,5,1
Q0485,Nikon Z 180-600mm キャンペーン,transactional,0,0,0,0,Z 180-600mm,92,6,1
Q0486,nikon カメラ 評判,informational,0,0,0,0,,686,39,0
Q0487,nikon CANON zf どちらを選ぶべき,comparison,1,0,1,0,zf,158,7,0
Q0488,z30 初心者 まとめ,informational,0,0,0,1,z30,453,17,0
Q0489,180-600mm 望遠 ダウンロード 性能比較,navigational,0,0,1,1,180-600mm 望遠,235,76,5
Q0490,Nikon ニコンZf とは,informational,0,0,0,0,ニコンZf,256,15,0
Q0491,nikon NIKKOR Z 40mm f/2 最安値 予約,transactional,0,0,0,0,NIKKOR Z 40mm f/2,60,3,0
Q0492,NIKON 採用,navigational,0,1,0,0,,57,17,1
Q0493,Nikon アルファ どちらを選ぶべき,comparison,1,0,0,0,,92,7,0
Q0494,株価 おすすめ,comparison,0,1,0,0,,414,37,0
Q0495,ニコン z8 評判,informational,0,0,0,0,z8,857,42,1
Q0496,キヤノンR1 画質,informational,1,0,0,0,キヤノンR1,2360,71,1
Q0497,ニコン sony Zfc 問い合わせ,navigational,1,0,1,0,Zfc,234,76,5
Q0498,200-600mm G望遠 ソニー NIKON 違い,comparison,1,0,0,0,200-600mm G望遠,87,3,0
Q0499,nikon Z50II セール,transactional,0,0,0,0,Z50II,100,3,0
Q0500,ニコン NIKKOR Z 50mm f/1.8 S と canon RF50 1.8 STM どっちがいい,comparison,1,0,0,0,NIKKOR Z 50mm f/1.8 S / RF50 1.8 STM,328,13,0
Q0501,アルファ ZV-E10 II どっちがいい nikon Z5II,comparison,1,0,0,0,ZV-E10 II / Z5II,351,23,1
Q0502,NIKKOR Z 180-600mm 問い合わせ ダウンロード,navigational,0,0,0,1,NIKKOR Z 180-600mm,246,83,6
Q0503,Zfc レビュー,informational,0,0,0,1,Zfc,260,19,0
Q0504,ソニー カメラ 初心者,informational,1,0,0,0,,469,24,1
Q0505,eos r1 キヤノン NIKON vs,comparison,1,0,0,0,eos r1,206,10,0
Q0506,Z6III 使い方,informational,0,0,0,1,Z6III,124,7,0
Q0507,canon ソニー 違い,comparison,1,0,0,0,,431,30,0
Q0508,Z5II 設定方法,informational,0,0,0,1,Z5II,1514,76,1
Q0509,スマートフォン とは,informational,0,1,0,0,,1176,63,0
Q0510,canon RF50mm F1.8 STM 特徴,informational,1,0,0,0,RF50mm F1.8 STM,245,9,0
Q0511,Nikon Z 30 下取り 予約,transactional,0,0,0,0,Z 30,232,11,2
Q0512,キヤノン Nikon どちらを選ぶべき,comparison,1,0,0,0,,82,0,0
Q0513,Z 40mm f2 レビュー,informational,0,0,0,1,Z 40mm f2,920,17,1
Q0514,Z fc Nikon キヤノン どちらを選ぶべき,comparison,1,0,0,0,Z fc,133,8,0
Q0515,NIKON ニコンZf と canon R6 Mark II どちらを選ぶべき,comparison,1,0,0,0,ニコンZf / R6 Mark II,82,3,0
Q0516,Z6 mark3 キャンペーン 楽天,transactional,0,0,0,1,Z6 mark3,39,0,0
Q0517,Nikon canon Z50II vs,comparison,1,0,1,0,Z50II,82,2,0
Q0518,Nikon カメラ 口コミ,informational,0,0,0,0,,214,7,0
Q0519,Nikon ニコンZf 購入 予約,transactional,0,0,0,0,ニコンZf,197,17,4
Q0520,nikon Canon vs,comparison,1,0,0,0,,37,2,0
Q0521,EOS R5 Mark II 使い方 初心者向け,informational,1,0,0,0,EOS R5 Mark II,658,28,0
Q0522,ニコン 180-600mm 望遠 特徴,informational,0,0,0,0,180-600mm 望遠,6517,268,4
Q0523,Nikon キヤノン 違い,comparison,1,0,0,0,,140,9,0
Q0524,腕時計 最安値,transactional,0,1,0,0,,36,4,1
Q0525,ニコン Sony 違い,comparison,1,0,0,0,,401,18,1
Q0526,Canon ニコン 比較 おすすめ,comparison,1,0,0,0,,139,12,1
Q0527,40mm f2 単焦点 通販 予約,transactional,0,0,0,1,40mm f2 単焦点,242,29,1
Q0528,Nikon Z6 III 価格,transactional,0,0,0,0,Z6 III,113,4,0
Q0529,Sony α7C II vs nikon Zf,comparison,1,0,0,0,α7C II / Zf,60,4,0
Q0530,Nikon Z6 3 公式ストア,navigational,0,0,0,0,Z6 3,286,80,9
Q0531,ニコン カメラ 評判,informational,0,0,0,0,,440,11,0
Q0532,z5ii 初心者,informational,0,0,0,1,z5ii,491,16,0
Q0533,24-120mm f4 S 画質 初心者向け,informational,0,0,0,1,24-120mm f4 S,322,22,0
Q0534,r5 mark2 通販 楽天,transactional,1,0,0,0,r5 mark2,29,2,0
Q0535,ソニー カスタマーサポート,navigational,1,0,0,0,,85,30,2
Q0536,プリンター おすすめ,comparison,0,1,0,0,,381,24,0
Q0537,Z50 II ログイン 画質,navigational,0,0,1,1,Z50 II,46,17,0
Q0538,Z 180-600mm 在庫 楽天,transactional,0,0,0,1,Z 180-600mm,60,1,0
Q0539,40mm f2 単焦点 設定方法,informational,0,0,0,1,40mm f2 単焦点,1489,42,0
Q0540,ニコン canon 40mm f2 単焦点 中古,transactional,1,0,1,0,40mm f2 単焦点,375,32,1
Q0541,Z6 mark3 評判 まとめ,informational,0,0,0,1,Z6 mark3,84,2,0
Q0542,sony α7R V 作例,informational,1,0,0,0,α7R V,950,20,0
Q0543,アルファ a9 III と ニコン Z8 どちらを選ぶべき,comparison,1,0,0,0,a9 III / Z8,473,16,0
Q0544,NIKKOR Z 24-120mm f/4 S ログイン,navigational,0,0,0,1,NIKKOR Z 24-120mm f/4 S,182,45,6
Q0545,ニコン zf と Sony a7RV どちらを選ぶべき,comparison,1,0,0,0,zf / a7RV,218,15,1
Q0546,ニコン zfc サポート どこで レビュー,navigational,0,0,1,0,zfc,422,68,10
Q0547,NIKON カメラ 初心者,informational,0,0,0,0,,947,21,0
Q0548,Sony 200-600mm G望遠 レビュー,informational,1,0,0,0,200-600mm G望遠,299,6,0
Q0549,24-105mm f4 L キャンペーン 店舗,transactional,1,0,0,0,24-105mm f4 L,197,12,0
Q0550,キヤノン EOS R8 価格 amazon,transactional,1,0,0,0,EOS R8,99,10,2
Q0551,ソニー Nikon α7 IV 通販,transactional,1,0,1,0,α7 IV,21,1,0
Q0552,Z30 レビュー まとめ,informational,0,0,0,1,Z30,531,7,0
Q0553,SONY a6700 特徴,informational,1,0,0,0,a6700,1159,34,1
Q0554,α nikon α7C II 会員登録,navigational,1,0,1,0,α7C II,28,7,2
Q0555,アルファ α7RV 通販 どこで 修理,transactional,1,0,1,0,α7RV,87,2,0
Q0556,ニコン Z5 2 レビュー ダウンロード,informational,0,0,1,0,Z5 2,837,49,1
Q0557,NIKON z5ii 特徴,informational,0,0,0,0,z5ii,233,16,0
Q0558,ニコン Z6 mark3 在庫,transactional,0,0,0,0,Z6 mark3,586,71,9
Q0559,アルファ6700 購入 店舗,transactional,1,0,0,0,アルファ6700,119,13,1
Q0560,z8 Nikon ソニー どちらを選ぶべき,comparison,1,0,0,0,z8,152,7,1
Q0561,Canon RF100-500 望遠 比較 sony α7CII,comparison,1,0,0,0,RF100-500 望遠 / α7CII,75,3,0
Q0562,R1 画質,informational,1,0,0,0,R1,426,25,1
Q0563,Nikon Z50II レビュー どこで 最安値,informational,0,0,1,0,Z50II,452,19,0
Q0564,Z6 3 スペック,informational,0,0,0,1,Z6 3,1045,60,0
Q0565,Z f 評判 まとめ,informational,0,0,0,1,Z f,540,30,0
Q0566,nikon zf 特徴,informational,0,0,0,0,zf,626,38,0
Q0567,Nikon Z8 中古 予約,transactional,0,0,0,0,Z8,253,13,1
Q0568,Z30 使い方 初心者向け,informational,0,0,0,1,Z30,1181,62,0
Q0569,NIKON Z 50mm f1.8 中古 どこで 初心者,transactional,0,0,1,0,Z 50mm f1.8,152,13,0
Q0570,α7RV α canon 比較,comparison,1,0,0,0,α7RV,86,4,0
Q0571,キヤノン 公式サイト,navigational,1,0,0,0,,88,33,6
Q0572,Z5II 設定方法 初心者向け,informational,0,0,0,1,Z5II,728,45,0
Q0573,アルファ α7IV と Canon eos r7 どっちがいい,comparison,1,0,0,0,α7IV / eos r7,271,15,1
Q0574,24-120mm f4 S 価格 店舗,transactional,0,0,0,1,24-120mm f4 S,541,53,5
Q0575,ソニー a6700 購入 予約,transactional,1,0,0,0,a6700,114,15,2
Q0576,CANON R6II 特徴,informational,1,0,0,0,R6II,4070,143,1
Q0577,ニコンZ8 レビュー まとめ,informational,0,0,0,1,ニコンZ8,337,11,0
Q0578,z9 ログイン,navigational,0,0,0,1,z9,143,38,1
Q0579,ソニー α7RV レビュー どっちがいい,informational,1,0,1,0,α7RV,947,39,0
Q0580,Z8 ダウンロード,navigational,0,0,0,1,Z8,228,62,8
Q0581,canon r6 mark2 評判 どこで 会員登録,informational,1,0,1,0,r6 mark2,1156,42,0
Q0582,NIKON アルファ z50ii 修理,navigational,1,0,1,0,z50ii,220,77,8
Q0583,インクカートリッジ 最安値,transactional,0,1,0,0,,130,9,1
Q0584,NIKKOR 180-600 使い方 まとめ,informational,0,0,0,1,NIKKOR 180-600,776,26,0
Q0585,eos r50 評判 初心者向け,informational,1,0,0,0,eos r50,537,22,0
Q0586,FE 200-600mm G ソニー ニコン 比較,comparison,1,0,0,0,FE 200-600mm G,192,9,1
Q0587,α ワイヤレスイヤホン,navigational,1,1,0,0,,87,35,0
Q0588,NIKON カメラ 評判,informational,0,0,0,0,,1911,38,0
Q0589,ニコンZf レビュー 初心者向け,informational,0,0,0,1,ニコンZf,1374,75,0
Q0590,Z 50mm f1.8 評判 まとめ,informational,0,0,0,1,Z 50mm f1.8,695,23,0
Q0591,Z 8 nikon キヤノン 比較 おすすめ,comparison,1,0,0,0,Z 8,74,2,0
Q0592,canon nikon EOS R8 在庫,transactional,1,0,1,0,EOS R8,477,52,3
Q0593,ニコン Z 30 特徴,informational,0,0,0,0,Z 30,500,15,0
Q0594,nikon キヤノン vs,comparison,1,0,0,0,,494,39,1
Q0595,Z5II 作例,informational,0,0,0,1,Z5II,1116,42,2
Q0596,Zf ニコン Sony 比較 おすすめ,comparison,1,0,0,0,Zf,248,11,1
Q0597,Z 30 初心者,informational,0,0,0,1,Z 30,1041,31,0
Q0598,Z 24-120mm f4 通販 店舗,transactional,0,0,0,1,Z 24-120mm f4,142,6,0
Q0599,NIKON NIKKOR 180-600 と アルファ α6700 どっちがいい,comparison,1,0,0,0,NIKKOR 180-600 / α6700,238,5,1
Q0600,ソニー FE 24-70mm F2.8 GM II 在庫,transactional,1,0,0,0,FE 24-70mm F2.8 GM II,59,6,0
Q0601,Z5II 最安値 楽天,transactional,0,0,0,1,Z5II,910,80,7
Q0602,a7c2 評判 初心者向け,informational,1,0,0,0,a7c2,697,26,1
Q0603,50mm f1.8 S 通販,transactional,0,0,0,1,50mm f1.8 S,262,17,2
Q0604,Z 9 レビュー まとめ,informational,0,0,0,1,Z 9,485,10,0
Q0605,Canon 取扱説明書,navigational,1,0,0,0,,25,10,1
Q0606,nikon Z f 在庫,transactional,0,0,0,0,Z f,223,19,0
Q0607,ニコン NIKKOR Z 40mm F2 通販 予約,transactional,0,0,0,0,NIKKOR Z 40mm F2,55,7,0
Q0608,CANON EOS R5 Mark II 違い どこで 価格,comparison,1,0,1,0,EOS R5 Mark II,292,25,0
Q0609,ソニー アルファ9 III 価格 どこで スペック,transactional,1,0,1,0,アルファ9 III,336,26,0
Q0610,canon RF24-105mm F4 L IS USM 購入 予約,transactional,1,0,0,0,RF24-105mm F4 L IS USM,192,16,0
Q0611,ニコン Z 40mm f2 最安値 使い方,transactional,0,0,1,0,Z 40mm f2,34,4,0
Q0612,24-120mm f4 S 作例 まとめ,informational,0,0,0,1,24-120mm f4 S,915,46,2
Q0613,24-120mm f4 S スペック ログイン,informational,0,0,1,1,24-120mm f4 S,276,11,0
Q0614,Nikon z30 口コミ,informational,0,0,0,0,z30,556,21,0
Q0615,Canon r6 mark2 と SONY FE 50mm F1.8 vs,comparison,1,0,0,0,r6 mark2 / FE 50mm F1.8,769,71,3
Q0616,nikon Z5 II 購入,transactional,0,0,0,0,Z5 II,534,68,5
Q0617,ニコン ニコンZ8 評判 どこで 比較,informational,0,0,1,0,ニコンZ8,1869,108,1
Q0618,sony 50mm f1.8 FE どっちがいい Nikon Z5 II,comparison,1,0,0,0,50mm f1.8 FE / Z5 II,489,18,0
Q0619,nikon ソニー どちらを選ぶべき,comparison,1,0,0,0,,273,19,1
Q0620,zf Nikon SONY 性能比較,comparison,1,0,0,0,zf,62,7,0
Q0621,nikon NIKKOR Z 50mm F1.8 特徴,informational,0,0,0,0,NIKKOR Z 50mm F1.8,382,23,1
Q0622,ニコン 会社説明会,navigational,0,1,0,0,,29,13,1
Q0623,nikon z5ii 特徴,informational,0,0,0,0,z5ii,88,6,0
Q0624,Canon eos r1 通販 予約,transactional,1,0,0,0,eos r1,123,2,1
Q0625,ニコン キヤノン 比較,comparison,1,0,0,0,,484,20,1
Q0626,イヤホン とは,informational,0,1,0,0,,864,53,2
Q0627,Canon EOS R10 と Sony FE 200-600 G 比較,comparison,1,0,0,0,EOS R10 / FE 200-600 G,651,27,1
Q0628,NIKKOR Z 50mm f/1.8 S 通販 楽天,transactional,0,0,0,1,NIKKOR Z 50mm f/1.8 S,302,23,3
Q0629,nikon Z 30 登録,navigational,0,0,0,0,Z 30,38,5,1
Q0630,α1マーク2 設定方法 初心者向け,informational,1,0,0,0,α1マーク2,5031,244,1
Q0631,NIKKOR Z 24-120 F4 S 価格 予約,transactional,0,0,0,1,NIKKOR Z 24-120 F4 S,459,46,3
Q0632,Z 30 スペック,informational,0,0,0,1,Z 30,146,7,0
Q0633,50mm f1.8 STM Canon ソニー 性能比較,comparison,1,0,0,0,50mm f1.8 STM,317,14,1
Q0634,α FE 24-70mm F2.8 GM II 初心者,informational,1,0,0,0,FE 24-70mm F2.8 GM II,420,18,0
Q0635,r6 mark2 在庫 店舗,transactional,1,0,0,0,r6 mark2,111,6,0
Q0636,キヤノン ニコン EOS R50 設定方法,informational,1,0,1,0,EOS R50,1417,70,2
Q0637,NIKON Z5II 在庫 amazon,transactional,0,0,0,0,Z5II,382,45,2
Q0638,ニコン ニコンZ8 登録,navigational,0,0,0,0,ニコンZ8,571,144,21
Q0639,Z 50mm f1.8 キャンペーン 楽天,transactional,0,0,0,1,Z 50mm f1.8,330,28,3
Q0640,eos r1 スペック,informational,1,0,0,0,eos r1,2753,123,3
Q0641,ニコン ノートパソコン,navigational,0,1,0,0,,237,45,2
Q0642,Nikon Z30 登録,navigational,0,0,0,0,Z30,209,62,3
Q0643,ニコン Z6 3 通販 amazon,transactional,0,0,0,0,Z6 3,66,1,0
Q0644,Z6III 修理 ダウンロード,navigational,0,0,0,1,Z6III,78,24,3
Q0645,Zf 作例,informational,0,0,0,1,Zf,331,18,0
Q0646,canon eos r10 登録,navigational,1,0,0,0,eos r10,109,28,7
Q0647,EOS R6 Mark II キヤノン アルファ 比較,comparison,1,0,0,0,EOS R6 Mark II,1071,44,1
Q0648,ニコン Z8 と キヤノン 24-105mm f4 L 違い,comparison,1,0,0,0,Z8 / 24-105mm f4 L,105,8,0
Q0649,Z5 II Nikon キヤノン vs,comparison,1,0,0,0,Z5 II,205,12,0
Q0650,Zf セール ログイン,transactional,0,0,1,1,Zf,142,10,0
Q0651,会社説明会 比較,comparison,0,1,0,0,,91,7,1
Q0652,α α7IV キャンペーン 予約,transactional,1,0,0,0,α7IV,108,7,0
Q0653,R8 Canon Nikon 違い,comparison,1,0,0,0,R8,377,27,0
Q0654,NIKKOR 180-600 公式ストア ダウンロード,navigational,0,0,0,1,NIKKOR 180-600,226,57,4
Q0655,Canon カメラ とは,informational,1,0,0,0,,240,11,0
Q0656,Z50 II 最安値 店舗,transactional,0,0,0,1,Z50 II,152,21,2
Q0657,Z5II 登録,navigational,0,0,0,1,Z5II,57,11,2
Q0658,NIKKOR Z 40mm F2 キャンペーン 楽天,transactional,0,0,0,1,NIKKOR Z 40mm F2,615,49,4
Q0659,nikon Z 8 比較 おすすめ 在庫,comparison,0,0,1,0,Z 8,94,2,0
Q0660,nikon カメラ とは,informational,0,0,0,0,,1456,35,0
Q0661,40mm f2 単焦点 ログイン ダウンロード,navigational,0,0,0,1,40mm f2 単焦点,41,7,0
Q0662,Z6 mark3 ログイン ダウンロード,navigational,0,0,0,1,Z6 mark3,79,19,3
Q0663,24-105mm f4 L 作例,informational,1,0,0,0,24-105mm f4 L,692,37,0
Q0664,Z6 III 会員登録 スペック,navigational,0,0,1,1,Z6 III,133,21,3
Q0665,NIKON CANON z5ii 値段,transactional,1,0,1,0,z5ii,205,9,0
Q0666,Z6III 作例 サポート,informational,0,0,1,1,Z6III,1476,78,0
Q0667,R6 Mark II 公式サイト 設定方法,navigational,1,0,1,0,R6 Mark II,93,24,3
Q0668,Zf セール 店舗,transactional,0,0,0,1,Zf,223,35,2
Q0669,sony FE 200-600 G 特徴,informational,1,0,0,0,FE 200-600 G,36,3,0
Q0670,NIKON 24-120mm f4 S セール どっちがいい,transactional,0,0,1,0,24-120mm f4 S,229,12,1
Q0671,ソニー CANON vs,comparison,1,0,0,0,,40,4,0
Q0672,Nikon Zf 画質,informational,0,0,0,0,Zf,1656,48,0
Q0673,VLOGCAM E10 II 使い方 初心者向け,informational,1,0,0,0,VLOGCAM E10 II,1068,34,0
Q0674,NIKON Z f 在庫,transactional,0,0,0,0,Z f,108,7,1
Q0675,NIKKOR Z 50mm f/1.8 S 口コミ 初心者向け,informational,0,0,0,1,NIKKOR Z 50mm f/1.8 S,4672,131,2
Q0676,ニコンZf とは,informational,0,0,0,1,ニコンZf,373,13,0
Q0677,zf スペック まとめ,informational,0,0,0,1,zf,802,29,1
Q0678,Z5II 口コミ 初心者向け,informational,0,0,0,1,Z5II,191,11,1
Q0679,ソニー NIKON vs,comparison,1,0,0,0,,516,44,1
Q0680,z6iii 在庫 店舗,transactional,0,0,0,1,z6iii,297,21,1
Q0681,zfc ニコン canon どちらを選ぶべき,comparison,1,0,0,0,zfc,213,11,0
Q0682,R6 Mark II とは 初心者向け,informational,1,0,0,0,R6 Mark II,189,8,0
Q0683,Nikon CANON Z50 II 作例,informational,1,0,1,0,Z50 II,169,7,0
Q0684,NIKON アルファ vs,comparison,1,0,0,0,,424,26,1
Q0685,Z fc 中古 楽天,transactional,0,0,0,1,Z fc,295,32,1
Q0686,Z6 mark3 評判,informational,0,0,0,1,Z6 mark3,576,30,0
Q0687,Z6 mark3 価格 予約,transactional,0,0,0,1,Z6 mark3,305,29,3
Q0688,ソニー FE 24-70mm F2.8 GM II 特徴,informational,1,0,0,0,FE 24-70mm F2.8 GM II,720,37,1
Q0689,Z 9 キャンペーン 予約,transactional,0,0,0,1,Z 9,47,6,0
Q0690,zf 画質,informational,0,0,0,1,zf,528,19,0
Q0691,CANON 24-105mm f4 L 比較 NIKON Z6 mark3,comparison,1,0,0,0,24-105mm f4 L / Z6 mark3,33,2,0
Q0692,ニコン NIKKOR Z 40mm f/2 評判,informational,0,0,0,0,NIKKOR Z 40mm f/2,334,9,0
Q0693,アルファ FE 200-600 G キャンペーン 公式ストア,transactional,1,0,1,0,FE 200-600 G,103,6,1
Q0694,Z 50mm f1.8 下取り 店舗,transactional,0,0,0,1,Z 50mm f1.8,49,2,1
Q0695,NIKKOR Z 40mm F2 通販 店舗,transactional,0,0,0,1,NIKKOR Z 40mm F2,97,8,0
Q0696,ニコンZ8 下取り,transactional,0,0,0,1,ニコンZ8,335,24,0
Q0697,Z50II 中古 予約,transactional,0,0,0,1,Z50II,35,5,1
Q0698,アルファ6700 Sony canon 性能比較,comparison,1,0,0,0,アルファ6700,241,9,0
Q0699,canon Sony RF100-500 望遠 スペック,informational,1,0,1,0,RF100-500 望遠,1156,15,0
Q0700,24-120mm f4 S 購入 楽天,transactional,0,0,0,1,24-120mm f4 S,313,21,2
Q0701,Sony α7IV 違い nikon Z8,comparison,1,0,0,0,α7IV / Z8,205,11,1
Q0702,R5 Mark II 通販 楽天,transactional,1,0,0,0,R5 Mark II,125,17,3
Q0703,nikon canon 性能比較,comparison,1,0,0,0,,380,28,0
Q0704,eos r8 通販 楽天,transactional,1,0,0,0,eos r8,119,12,0
Q0705,Zfc Nikon α どちらを選ぶべき,comparison,1,0,0,0,Zfc,347,16,2
Q0706,Z 50mm f1.8 作例 初心者向け,informational,0,0,0,1,Z 50mm f1.8,773,13,1
Q0707,r6 mark2 Canon nikon 比較 おすすめ,comparison,1,0,0,0,r6 mark2,179,7,1
Q0708,NIKON Z5II 値段,transactional,0,0,0,0,Z5II,226,12,1
Q0709,Sony FE 200-600 G と Nikon Zf 違い,comparison,1,0,0,0,FE 200-600 G / Zf,65,4,0
Q0710,canon R1 在庫 予約,transactional,1,0,0,0,R1,132,12,1
Q0711,40mm f2 単焦点 レビュー,informational,0,0,0,1,40mm f2 単焦点,635,29,0
Q0712,NIKON 40mm f2 単焦点 通販 予約,transactional,0,0,0,0,40mm f2 単焦点,68,4,0
Q0713,アルファ アルファ7Rマーク5 使い方 どこで どっちがいい,informational,1,0,1,0,アルファ7Rマーク5,306,17,0
Q0714,SONY FE 200-600 G 作例,informational,1,0,0,0,FE 200-600 G,814,57,1
Q0715,zf 通販 店舗,transactional,0,0,0,1,zf,100,7,1
Q0716,Canon Nikon どっちがいい,comparison,1,0,0,0,,330,29,1
Q0717,アルファ a9iii 最安値 amazon,transactional,1,0,0,0,a9iii,133,12,1
Q0718,ニコン Z 24-120mm f4 下取り amazon,transactional,0,0,0,0,Z 24-120mm f4,200,17,0
Q0719,FE 200-600 G 購入 楽天,transactional,1,0,0,0,FE 200-600 G,64,6,0
Q0720,Zfc 初心者,informational,0,0,0,1,Zfc,322,6,0
Q0721,nikon z8 購入,transactional,0,0,0,0,z8,496,61,5
Q0722,ニコン カメラ レビュー,informational,0,0,0,0,,849,58,1
Q0723,z30 初心者 初心者向け,informational,0,0,0,1,z30,536,24,0
Q0724,NIKON カメラ 画質,informational,0,0,0,0,,770,19,0
Q0725,Zfc 会員登録,navigational,0,0,0,1,Zfc,61,13,2
Q0726,nikon カメラ 使い方,informational,0,0,0,0,,1327,26,0
Q0727,CANON eos r8 購入 画質,transactional,1,0,1,0,eos r8,126,4,0
Q0728,Z50II 問い合わせ ダウンロード,navigational,0,0,0,1,Z50II,34,12,3
Q0729,ニコン NIKKOR 180-600 評判 ログイン,informational,0,0,1,0,NIKKOR 180-600,1277,23,0
Q0730,nikon カメラ 初心者,informational,0,0,0,0,,1194,69,1
Q0731,α1 II 初心者 初心者向け,informational,1,0,0,0,α1 II,168,10,0
Q0732,ニコン Zfc 価格,transactional,0,0,0,0,Zfc,130,12,1
Q0733,ニコン Z6 3 どっちがいい ログイン,comparison,0,0,1,0,Z6 3,231,17,1
Q0734,NIKON Z5 II レビュー 問い合わせ,informational,0,0,1,0,Z5 II,1217,32,0
Q0735,nikon NIKKOR Z 180-600mm 公式サイト,navigational,0,0,0,0,NIKKOR Z 180-600mm,242,94,17
Q0736,nikon zfc 特徴,informational,0,0,0,0,zfc,2674,68,1
Q0737,canon EOS R10 どっちがいい アルファ FE 50mm F1.8,comparison,1,0,0,0,EOS R10 / FE 50mm F1.8,399,27,1
Q0738,EOS R6 Mark II 作例 初心者向け,informational,1,0,0,0,EOS R6 Mark II,565,47,0
Q0739,ニコンZ9 中古 楽天,transactional,0,0,0,1,ニコンZ9,178,15,1
Q0740,アルファ9 III Sony Nikon vs,comparison,1,0,0,0,アルファ9 III,853,44,2
Q0741,Canon アルファ 違い,comparison,1,0,0,0,,88,5,0
Q0742,Z50 II 問い合わせ,navigational,0,0,0,1,Z50 II,242,88,21
Q0743,Z 40mm f2 作例 セール,informational,0,0,1,1,Z 40mm f2,947,23,0
Q0744,NIKON Z5 II 特徴,informational,0,0,0,0,Z5 II,647,26,0
Q0745,nikon Sony Z fc 在庫,transactional,1,0,1,0,Z fc,176,13,5
Q0746,SONY canon 比較,comparison,1,0,0,0,,1137,33,0
Q0747,NIKKOR Z 50mm f/1.8 S 問い合わせ ダウンロード,navigational,0,0,0,1,NIKKOR Z 50mm f/1.8 S,53,13,2
Q0748,NIKON canon Z f 初心者,informational,1,0,1,0,Z f,1543,84,2
Q0749,R10 最安値 店舗,transactional,1,0,0,0,R10,261,24,1
Q0750,NIKON Zfc 特徴,informational,0,0,0,0,Zfc,489,27,0
Q0751,nikon ニコンZ8 中古,transactional,0,0,0,0,ニコンZ8,281,19,2
Q0752,sony a9 III 下取り 予約,transactional,1,0,0,0,a9 III,289,19,1
Q0753,z6iii 中古 スペック,transactional,0,0,1,1,z6iii,362,27,2
Q0754,Sony a7CII セール amazon,transactional,1,0,0,0,a7CII,96,15,3
Q0755,200-600mm G望遠 レビュー 会員登録,informational,1,0,1,0,200-600mm G望遠,586,10,0
Q0756,NIKKOR Z 40mm F2 登録,navigational,0,0,0,1,NIKKOR Z 40mm F2,80,8,2
Q0757,Z50II スペック 初心者向け,informational,0,0,0,1,Z50II,567,23,1
Q0758,Z9 登録,navigational,0,0,0,1,Z9,164,31,3
Q0759,Z 180-600mm とは 公式サイト,informational,0,0,1,1,Z 180-600mm,6258,203,2
Q0760,NIKKOR 180-600 とは 初心者向け,informational,0,0,0,1,NIKKOR 180-600,665,26,2
Q0761,ニコン Z9 口コミ,informational,0,0,0,0,Z9,909,19,0
Q0762,Nikon カメラ レビュー,informational,0,0,0,0,,6275,147,0
Q0763,RF 50mm f1.8 とは 初心者向け,informational,1,0,0,0,RF 50mm f1.8,1325,40,1
Q0764,nikon カスタマーサポート,navigational,0,0,0,0,,37,9,1
Q0765,nikon インクカートリッジ,navigational,0,1,0,0,,99,16,2
Q0766,a7RV sony nikon どっちがいい,comparison,1,0,0,0,a7RV,222,10,1
Q0767,EOS R8 使い方 初心者向け,informational,1,0,0,0,EOS R8,760,26,0
Q0768,キヤノン Nikon 比較 おすすめ,comparison,1,0,0,0,,117,4,0
Q0769,EOS R6 Mark II 初心者,informational,1,0,0,0,EOS R6 Mark II,196,5,0
Q0770,nikon CANON 違い,comparison,1,0,0,0,,354,16,0
Q0771,NIKON z6iii 特徴,informational,0,0,0,0,z6iii,1013,35,0
Q0772,Nikon ソニー vs,comparison,1,0,0,0,,429,31,0
Q0773,NIKON NIKKOR Z 40mm f/2 と キヤノン EOS R8 比較 おすすめ,comparison,1,0,0,0,NIKKOR Z 40mm f/2 / EOS R8,1536,90,1
Q0774,Z 40mm f2 作例,informational,0,0,0,1,Z 40mm f2,268,1,0
Q0775,Z 9 初心者 まとめ,informational,0,0,0,1,Z 9,493,27,1
Q0776,Z50 II 使い方,informational,0,0,0,1,Z50 II,5399,136,3
Q0777,nikon 株価,navigational,0,1,0,0,,123,26,5
Q0778,50mm f1.8 FE 購入 店舗,transactional,1,0,0,0,50mm f1.8 FE,33,7,0
Q0779,ニコンZ9 nikon Canon vs,comparison,1,0,0,0,ニコンZ9,503,33,2
Q0780,R10 Canon α どっちがいい,comparison,1,0,0,0,R10,434,24,0
Q0781,z8 通販 楽天,transactional,0,0,0,1,z8,23,2,0
Q0782,Nikon z9 値段 どこで 評判,transactional,0,0,1,0,z9,473,44,1
Q0783,腕時計 おすすめ,comparison,0,1,0,0,,494,30,0
Q0784,ニコン スマートフォン,navigational,0,1,0,0,,52,11,1
Q0785,ニコンZf 在庫 楽天,transactional,0,0,0,1,ニコンZf,308,18,1
Q0786,Canon RF 50mm f1.8 購入,transactional,1,0,0,0,RF 50mm f1.8,452,39,1
Q0787,α9 III 違い 価格,comparison,1,0,1,0,α9 III,120,10,2
Q0788,nikon NIKKOR Z 24-120mm f/4 S セール,transactional,0,0,0,0,NIKKOR Z 24-120mm f/4 S,127,15,2
Q0789,CANON eos r7 取扱説明書,navigational,1,0,0,0,eos r7,189,29,5
Q0790,Z 30 中古 店舗,transactional,0,0,0,1,Z 30,235,30,0
Q0791,ニコン アルファ Z8 画質,informational,1,0,1,0,Z8,411,7,0
Q0792,アルファ7Rマーク5 レビュー 初心者向け,informational,1,0,0,0,アルファ7Rマーク5,986,52,1
Q0793,FE 24-70 GM2 設定方法 公式サイト,informational,1,0,1,0,FE 24-70 GM2,812,21,0
Q0794,ニコンZf 設定方法,informational,0,0,0,1,ニコンZf,768,19,0
Q0795,ニコンZf 下取り 予約,transactional,0,0,0,1,ニコンZf,196,12,1
Q0796,ニコン z9 公式ストア,navigational,0,0,0,0,z9,248,42,0
Q0797,NIKKOR Z 50mm f/1.8 S 下取り 店舗,transactional,0,0,0,1,NIKKOR Z 50mm f/1.8 S,220,12,2
Q0798,炊飯器 比較,comparison,0,1,0,0,,313,16,1
Q0799,sony α7R V ログイン どこで 性能比較,navigational,1,0,1,0,α7R V,185,64,9
Q0800,z8 中古 楽天,transactional,0,0,0,1,z8,95,11,2
